name,brand,model,memory,memory_interface,length,interface,chipset,base_clock,clock_speed,frame_sync,price,used
MSI Gaming GeForce RTX 3090 24GB GDRR6X 384-Bit HDMI/DP Nvlink Tri-Frozr 2 Ampere Architecture OC Graphics Card (RTX 3090 GAMING X TRIO 24G),MSI,RTX 3090 GAMING X TRIO 24G,24 GB,GDRR6X,335 mm,PCIe x16,GeForce RTX 3090,1395 MHz,1785 MHz,G-Sync,"$1,289.99",0
"EVGA GeForce RTX 3090 FTW3 Ultra Gaming, 24GB GDDR6X, iCX3 Technology, ARGB LED, Metal Backplate",EVGA,RTX 3090 FTW3 Ultra,24 GB,GDDR6X,300 mm,PCIe x16,GeForce RTX 3090,1395 MHz,1800 MHz,G-Sync,"$1,199.99",0
"ASUS ROG Strix NVIDIA GeForce RTX 3090 White OC Edition Gaming Graphics Card (PCIe 4.0, 24GB GDDR6X, HDMI 2.1, DisplayPort 1.4a",ASUS,ROG Strix RTX 3090 OC Edition,24 GB,GDDR6X,318.5 mm,PCIe x16,GeForce RTX 3090,1395 MHz,1890 MHz,G-Sync,"$1,794.99",0
MSI Gaming GeForce RTX 3090 24GB GDRR6X 384-Bit HDMI/DP 1875 MHz Ampere Architecture OC Graphics Card (RTX 3090 Suprim X 24G),MSI,RTX 3090 SUPRIM X 24G,24 GB,GDDR6X,336 mm,PCIe x16,GeForce RTX 3090,1395 MHz,1875 MHz,G-Sync,"$2,017.21",0
"GIGABYTE AORUS GeForce RTX 3090 Xtreme 24G Graphics Card, Max Covered Cooling, 24GB 384-bit GDDR6X Video Card",Gigabyte,AORUS RTX 3090 Xtreme 24G,24 GB,GDDR6X,319 mm,PCIe x16,GeForce RTX 3090,1395 MHz,1860 MHz,G-Sync,"$3,399.99",0
"ASUS TUF Gaming NVIDIA GeForce RTX 3090 OC Edition Graphics Card- PCIe 4.0, 24GB GDDR6X, HDMI 2.1, DisplayPort 1.4a, Dual Ball Fan Bearings",ASUS,TUF Gaming RTX 3090 OC Edition,24 GB,GDDR6X,299.9 mm,PCIe x16,GeForce RTX 3090,1395 MHz,1770 MHz,G-Sync,"$1,249",0
"GIGABYTE AORUS GeForce RTX 3090 Xtreme WATERFORCE 24G Graphics Card, WATERFORCE All-in-One Cooling System, 24GB 384-bit GDDR6X",Gigabyte,AORUS RTX 3090 Xtreme Waterforce 24G,24 GB,GDDR6X,252 mm,PCIe x16,GeForce RTX 3090,1395 MHz,1785 MHz,G-Sync,"$6,800",0
"EVGA 24G-P5-3975-KR GeForce RTX 3090 XC3 Ultra Gaming, 24GB GDDR6X, iCX3 Cooling, ARGB LED, Metal Backplate",EVGA,RTX 3090 XC3 Ultra,24 GB,GDDR6X,285 mm,PCIe x16,GeForce RTX 3090,1395 MHz,1725 MHz,G-Sync,"$1,299",0
"Gigabyte GeForce RTX 3090 GAMING OC 24G Graphics Card, 3x WINDFORCE Fans, 24GB 384-Bit GDDR6X, GV-N3090GAMING OC-24GD Video Card",Gigabyte,RTX 3090 Gaming OC 24G,24 GB,GDDR6X,320 mm,PCIe x16,GeForce RTX 3090,1395 MHz,1755 MHz,G-Sync,"$1,299",0
MSI Gaming GeForce RTX 3090 24GB GDRR6X 384-Bit HDMI/DP Nvlink Torx Fan 3 Ampere Architecture OC Graphics Card (RTX 3090 VENTUS 3X 24G OC),MSI,RTX 3090 VENTUS 3X 24G OC,24 GB,GDDR6X,305 mm,PCIe x16,GeForce RTX 3090,1395 MHz,1725 MHz,G-Sync,"$1,269.90",0
"ZOTAC Gaming GeForce RTX 3090 Trinity OC 24GB GDDR6X 384-bit 19.5 Gbps PCIE 4.0 Gaming Graphics Card, IceStorm 2.0 Advanced Cooling",ZOTAC,RTX 3090 Trinity OC 24GB,24 GB,GDDR6X,317.8 mm,PCIe x16,GeForce RTX 3090,1395 MHz,1710 MHz,G-Sync,"$1,215",0
MSI Gaming GeForce RTX 3080 Ti 12GB GDRR6X 320-Bit HDMI/DP Nvlink Torx Fan 3 Ampere Architecture OC Graphics Card (RTX 3080 Ti Gaming X Trio 12G),MSI,RTX 3080 Ti Gaming X Trio 12G,12 GB,GDDR6X,324 mm,PCIe x16,GeForce RTX 3080 Ti,1365 MHz,1770 MHz,G-Sync,$959.99,0
"EVGA GeForce RTX 3080 Ti FTW3 Ultra Gaming, 12G-P5-3967-KR, 12GB GDDR6X, iCX3 Technology, ARGB LED, Metal Backplate",EVGA,RTX 3080 Ti FTW3 Ultra,12 GB,GDDR6X,300 mm,PCIe x16,GeForce RTX 3080 Ti,1365 MHz,1800 MHz,G-Sync,"$1,084.50",0
EVGA GeForce RTX 3080 Ti XC3 ULTRA GAMING 12G-P5-3955-KR 12GB GDDR6X Graphics Card,EVGA,RTX 3080 Ti XC3 ULTRA,12 GB,GDDR6X,300 mm,PCIe x16,GeForce RTX 3080 Ti,1365 MHz,1725 MHz,G-Sync,$999,0
MSI Gaming GeForce RTX 3080 Ti 12GB GDRR6X 320-Bit HDMI/DP Nvlink Tri-Frozr 2 Ampere Architecture OC Graphics Card (RTX 3080 Ti Ventus 3X 12G OC),MSI,RTX 3080 Ti Ventus 3X 12G OC,12 GB,GDDR6X,305 mm,PCIe x16,GeForce RTX 3080 Ti,1365 MHz,1695 MHz,G-Sync,$929.99,0
Gigabyte GeForce RTX 3080 Ti VISION OC 12GB Graphics Card,Gigabyte,RTX 3080 Ti VISION OC 12GB,12 GB,GDDR6X,320 mm,PCIe x16,GeForce RTX 3080 Ti,1365 MHz,1770 MHz,G-Sync,"$1,202.99",0
"GIGABYTE AORUS GeForce RTX 3080 Ti Xtreme 10G Graphics Card, Max Covered Cooling, 12GB 384-bit GDDR6X Video Card",Gigabyte,AORUS RTX 3080 Ti Xtreme 10G,12 GB,GDDR6X,320 mm,PCIe x16,GeForce RTX 3080 Ti,1365 MHz,1770 MHz,G-Sync,"$1,699.99",0
ZOTAC GAMING GEFORCE RTX 3080 Ti Trinity OC 12GB,ZOTACGAMING,RTX 3080 Ti Trinity OC 12GB,12 GB,GDDR6X,317.8 mm,PCIe x16,GeForce RTX 3080 Ti,1365 MHz,1695 MHz,G-Sync,"$1,049.99",0
"INNO3D GeForce RTX 3080 Ti iChill X4 LHR, 12288 MB GDDR6X",Inno3D,RTX 3080 Ti iChill X4,12 GB,GDDR6X,300 mm,PCIe x16,GeForce RTX 3080 Ti,1365 MHz,1710 MHz,G-Sync,"$1,705",0
XFX Speedster MERC319 Radeon RX 6800XT Black 16GB GDDR6 HDMI DisplayPort USB-C PCIe 4.0 Gaming Graphics Card,XFX,Speedster MERC319 RX-68XTACBD9,16 GB,GDDR6,340 mm,PCIe x16,Radeon RX 6800 XT,1925 MHz,2360 MHz,FreeSync,"$1,698.99",0
Sapphire Radeon RX 6800 XT Pulse OC 16G Graphics Card,SAPPHIRE,RX 6800 XT Pulse OC,16 GB,GDDR6,313 mm,PCIe x16,Radeon RX 6800 XT,1825 MHz,2310 MHz,FreeSync,$699.99,0
"PowerColor Red Devil AMD Radeon�?RX 6800 XT Gaming Graphics Card with 16GB GDDR6 Memory, Powered by AMD RDNA�?2, Raytracing, PCI Express 4.0",PowerColor,Red Devil RX 6800XT 16GB OC,16 GB,GDDR6,320 mm,PCIe x16,Radeon RX 6800 XT,1825 MHz,2340 MHz,FreeSync,$742.49,0
MSI Gaming Radeon RX 6800 XT 16GB GDRR6 256-Bit HDMI/DP 2285 MHz RDNA 2 Architecture OC Graphics Card (RX 6800 XT Gaming X Trio 16G),MSI,RX 6800 XT Gaming X Trio 16G,16 GB,GDDR6,324 mm,PCIe x16,Radeon RX 6800 XT,1850 MHz,2285 MHz,FreeSync,"$1,349.90",0
ASRock RX 6800 XT PG D 16G OC AMD Radeon RX6800XT Graphics Board 16GB,ASRock,RX 6800 XT PG D,16 GB,GDDR6,330 mm,PCIe x16,Radeon RX 6800 XT,1825 MHz,2310 MHz,FreeSync,$701.50,0
Sapphire Nitro+ AMD Radeon RX 6800 XT PCIe 4.0 Gaming Graphics Card with 16GB GDDR6,SapphireTechnology,RX 6800 XT Nitro+,16 GB,GDDR6,310 mm,PCIe x16,Radeon RX 6800 XT,1825 MHz,2285 MHz,FreeSync,N/A,0
Sapphire Nitro+ AMD Radeon RX 6800 XT SE PCIe 4.0 Gaming Graphics Card with 16GB GDDR6,SapphireTechnology,RX 6800 XT Nitro+,16 GB,GDDR6,310 mm,PCIe x16,Radeon RX 6800 XT,1825 MHz,2190 MHz,FreeSync,"$1,347.77",0
"ASUS ROG Strix LC AMD Radeon RX 6800 XT OC Edition Gaming Graphics Card ( PCIe 4.0, 16GB GDDR6, HDMI 2.1, DisplayPort 1.4a, Full-Coverage Cold Plate",ASUS,ROG Strix LC RX 6800 XT OC Edition,16 GB,GDDR6,277 mm,PCIe x16,Radeon RX 6800 XT,1825 MHz,2360 MHz,FreeSync,"$1,049.99",0
"ZOTAC Gaming GeForce RTX 3080 Trinity 10GB GDDR6X 320-bit 19 Gbps PCIE 4.0 Gaming Graphics Card, IceStorm 2.0 Advanced Cooling, Spectra 2.0 RGB Lighting",ZOTAC,GeForce RTX 3080 Trinity,10 GB,GDDR6X,317.8 mm,PCI Express 4.0 x16,GeForce RTX 3080,1440 MHz,1710 MHz,G-Sync,N/A,0
"ASUS TUF Gaming NVIDIA GeForce RTX 3080 OC Edition Graphics Card (PCIe 4.0, 10GB GDDR6X, HDMI 2.1, DisplayPort 1.4a, Dual Ball Fan Bearings, Military-Grade Certification, GPU Tweak II)",ASUS,GeForce RTX 3080 OC Edition,10 GB,GDDR6,297 mm,PCIe 4.0x16,GeForce RTX 3080,1440 MHz,1740 MHz,G-Sync,$995,0
"ASUS TUF Gaming NVIDIA GeForce RTX 3080 Graphics Card (PCIe 4.0, 10GB GDDR6X, HDMI 2.1, DisplayPort 1.4a, Dual Ball Fan Bearings, Military-Grade Certification, GPU Tweak II)",ASUS,GeForce RTX 3080,10 GB,GDDR6,285 mm,PCI-Express 4.0 x16,GeForce RTX 3080,1440 MHz,1710 MHz,G-Sync,"$1,898.97",0
PNY GeForce RTX 3080 10GB XLR8 Gaming Revel Epic-X RGB Triple Fan Graphics Card,PNY,GeForce RTX 3080,10 GB,GDDR6X,293.87 mm,PCI Express 4.0 x16,GeForce RTX 3080,1440 MHz,1710 MHz,G-Sync,N/A,0
PNY GeForce RTX 3080 10GB XLR8 Gaming Uprising Epic-X RGB Triple Fan Graphics Card,PNY,GeForce RTX 3080,10 GB,GDDR6,294 mm,PCIe 4.0x16,GeForce RTX 3080,1440MHz,1710 MHz,G-Sync,$899,1
MSI Gaming GeForce RTX 3080 10GB GDRR6X 320-Bit HDMI/DP Nvlink Torx Fan 3 Ampere Architecture OC Graphics Card (RTX 3080 Ventus 3X 10G OC),MSI,GeForce RTX 3080 VENTUS 3X,10 GB,GDDR6,297 mm,PCIe 4.0 x16,GeForce RTX 3080,1470 MHz,1710 MHz,G-Sync,"$2,600",0
"ZOTAC GAMING GeForce RTX 3080 Trinity OC 10GB GDDR6X 320-bit 19 Gbps PCIE 4.0 Gaming Graphics Card, IceStorm 2.0 Advanced Cooling",ZOTAC,RTX 3080 Trinity OC 10GB,10 GB,GDDR6X,317.8 mm,PCIe x16,GeForce RTX 3080,1440 MHz,1725 MHz,G-Sync,"$1,459",0
MSI Gaming GeForce RTX 3080 10GB GDRR6X 320-Bit HDMI/DP 1920 MHz Ampere Architecture OC Graphics Card,MSI,RTX 3080 Suprim X 10G,10 GB,GDDR6X,336 mm,PCIe x16,GeForce RTX 3080,1440 MHz,1920 MHz,G-Sync,"$1,399.99",0
"PowerColor Fighter AMD Radeon RX 6800 Gaming Graphics Card with 16GB GDDR6 Memory, Powered by AMD RDNA 2, Raytracing, PCI Express 4.0",PowerColor,Fighter Radeon RX 6800,16 GB,GDDR6,300 mm,PCIe x16,Radeon RX 6800,1700 MHz,2155 MHz,FreeSync,"$1,193",0
"PowerColor Red Devil AMD Radeon RX 6800 Gaming Graphics Card with 16GB GDDR6 Memory, Powered by AMD RDNA 2, Raytracing, PCI Express 4.0",PowerColor,Red Devil RX 6800 OC,16 GB,GDDR6,320 mm,PCIe x16,Radeon RX 6800,1700 MHz,2190 MHz,FreeSync,"$1,399.99",0
Sapphire Nitro+ AMD Radeon RX 6800 PCIe 4.0 Gaming Graphics Card with 16GB GDDR6,SapphireTechnology,RX 6800 Nitro+,16 GB,GDDR6,310.5 mm,PCIe x16,Radeon RX 6800,1700 MHz,2190MHz,FreeSync,"$1,009.67",0
"PowerColor Red Dragon AMD Radeon RX 6800 Gaming Graphics Card with 16GB GDDR6 Memory, Powered by AMD RDNA 2, Raytracing, PCI Express 4.0",PowerColor,Red Dragon RX 6800,16 GB,GDDR6,310 mm,PCIe x16,Radeon RX 6800,1700 MHz,2170 MHz,FreeSync,$562.31,0
XFX Speedster QICK319 AMD Radeon RX 6800 Black Gaming Graphics Card with 16GB GDDR6 HDMI 3xDP,XFX,Speedster QICK319 RX 6800,16 GB,GDDR6,340 mm,PCIe x16,Radeon RX 6800,1850 MHz,2190 MHz,FreeSync,"$2,152.99",0
"ASUS TUF Gaming AMD Radeon RX 6800 OC Edition Graphics Card (PCIe 4.0, 16GB GDDR6, HDMI 2.1, DisplayPort 1.4a, Dual Ball Fan Bearings",ASUS,TUF RX 6800 OC Edition,16 GB,GDDR6,310 mm,PCIe x16,Radeon RX 6800,1700 MHz,2190 MHz,FreeSync,$764.99,0
Sapphire 11305-02-20G Pulse AMD Radeon RX 6800 PCIe 4.0 Gaming Graphics Card with 16GB GDDR6,SapphireTechnology,RX 6800 Pulse,16 GB,GDDR6,303 mm,PCIe x16,Radeon RX 6800,1700 MHz,2170 MHz,FreeSync,$599.99,0
NVIDIA Titan RTX Graphics Card,NVIDIA,TITAN RTX,24 GB,GDDR6,266.7 mm,PCIe x16,TITAN RTX,1350 MHz,1770 MHz,G-Sync,"$3,399.99",0
MSI Gaming GeForce RTX 2080 Ti GDRR6 352-bit HDMI/DP/USB Ray Tracing Turing Architecture Liquid Cooling Graphics Card,MSI,GeForce RTX 2080 Ti SEA HAWK X,11 GB,GDDR6,268 mm,PCIe x16,GeForce RTX 2080 Ti,1350 MHz,1755 MHz,G-Sync,N/A,0
ASUS ROG STRIX GeForce RTX 2080TI-O11G Overclocked 11G GDDR6 HDMI DP 1.4 USB Type-C Gaming Graphics Card,ASUS,ROG STRIX GeForce RTX 2080TI,11 GB,GDDR6,304.7 mm,PCIe x16,GeForce RTX 2080 Ti,1350 MHz,1665 MHz,G-Sync,"$3,299.99",0
NVIDIA GEFORCE RTX 2080 Ti Founders Edition,NVIDIA,GeForce RTX 2080 Ti,11 GB,GDDR6,267 mm,PCIe x16,GeForce RTX 2080 Ti,1350 MHz,1635 MHz,G-Sync,"$1,798",0
MSI GAMING GeForce RTX 2080 Ti GDRR6 352-bit HDMI/DP/USB Ray Tracing Turing Architecture Graphics Card,MSI,GeForce RTX 2080 Ti GAMING X TRIO,11 GB,GDDR6,327 mm,PCIe x16,GeForce RTX 2080 Ti,1350 MHz,1755 MHz,G-Sync,$749.99,1
ZOTAC GAMING GeForce RTX 2080 Ti AMP 11GB GDDR6 352-Bit SPECTRA RGB LED Metal Backplate Graphics Card,ZOTAC,ZT-T20810D-10P,11 GB,GDDR6,308 mm,PCIe x16,GeForce RTX 2080 Ti,1350 MHz,1665 MHz,G-Sync,$790,1
"EVGA GeForce RTX 2080 Ti Ftw3 Ultra, Overclocked, 2.75 Slot Extreme Cool Triple + iCX2, 65C Gaming, RGB",EVGA,GeForce RTX 2080 Ti,11 GB,GDDR6,301.925 mm,PCIe x16,GeForce RTX 2080 Ti,1350 MHz,1755 MHz,G-Sync,"$2,629",0
"EVGA GeForce RTX 2080 Ti Black Edition Gaming, 11GB GDDR6, Dual HDB Fans & RGB LED Graphics Card",EVGA,RTX 2080 Ti Black Edition,11 GB,GDDR6,270 mm,PCIe x16,GeForce RTX 2080 Ti,1350 MHz,1545 MHz,G-Sync,"$1,599.95",0
ZOTAC Gaming GeForce RTX 2080 Ti Twin Fan 11GB GDDR6 352-bit Spectra RGB LED/Metal Backplate Graphics Card,ZOTAC,RTX 2080 Ti Twin Fan,11 GB,GDDR6,268 mm,PCIe x16,GeForce RTX 2080 Ti,1350 MHz,1545 MHz,G-Sync,"$1,837.71",0
"EVGA GeForce RTX 2080 Ti XC ULTRA GAMING, 11GB GDDR6, Dual HDB Fans & RGB LED Graphics Card",EVGA,RTX 2080 Ti XC Ultra,11 GB,GDDR6,270 mm,PCIe x16,GeForce RTX 2080 Ti,1350 MHz,1650 MHz,G-Sync,"$1,999.99",0
MSI Gaming GeForce RTX 2080 Ti GDRR6 352-bit HDMI/DP/USB Ray Tracing Turing Architecture Graphics Card (RTX 2080 TI Ventus 11G OC),MSI,RTX 2080 TI Ventus 11G OC,11 GB,GDDR6,268 mm,PCIe x16,GeForce RTX 2080 Ti,1350 MHz,1635 MHz,G-Sync,$799,1
"ZOTAC Gaming GeForce RTX 2080 Ti Blower 11GB GDDR6 352-bit Gaming Graphics Card, Metal Backplate",ZOTAC,RTX 2080 Ti Blower,11 GB,GDDR6,268 mm,PCIe x16,GeForce RTX 2080 Ti,1350 MHz,1545 MHz,G-Sync,N/A,0
PNY GeForce RTX 2080 Ti 11GB XLR8 Gaming Overclocked Edition Graphics Card,PNY,RTX 2080 Ti 11GB XLR8,11 GB,GDDR6,301.752 mm,PCIe x16,GeForce RTX 2080 Ti,1350 MHz,1635 MHz,G-Sync,"$2,389",0
"EVGA GeForce RTX 3070 Ti FTW3 Ultra Gaming, 08G-P5-3797-KL, 8GB GDDR6X, iCX3 Technology, ARGB LED, Metal Backplate",EVGA,RTX 3070 Ti FTW3 Ultra,8 GB,GDDR6X,300 mm,PCIe x16,GeForce RTX 3070 Ti,1575 MHz,1860 MHz,G-Sync,$697.95,0
"GIGABYTE GeForce RTX 3070 Ti Gaming OC 8G Graphics Card, WINDFORCE 3X Cooling System, 8GB 256-bit GDDR6X Video Card",Gigabyte,RTX 3070 Ti OC 8G,8 GB,GDDR6X,320 mm,PCIe x16,GeForce RTX 3070 Ti,1575 MHz,1830 MHz,G-Sync,$684,0
"EVGA GeForce RTX 3070 Ti XC3 Ultra Gaming, 08G-P5-3785-KL, 8GB GDDR6X, iCX3 Cooling, ARGB LED, Metal Backplate",EVGA,RTX 3070 Ti XC3 Ultra,8 GB,GDDR6X,285.37 mm,PCIe x16,GeForce RTX 3070 Ti,1575 MHz,1815 MHz,G-Sync,$698.95,0
"ZOTAC Gaming GeForce RTX 3070 Ti AMP Holo 8GB GDDR6X 256-bit 19 Gbps PCIE 4.0 Gaming Graphics Card, HoloBlack, IceStorm 2.0 Advanced Cooling",ZOTAC,RTX 3070 Ti AMP Holo,8 GB,GDDR6X,316.8 mm,PCIe x16,GeForce RTX 3070 Ti,1575 MHz,1830 MHz,G-Sync,$733,0
"ASUS ROG Strix NVIDIA GeForce RTX 3070 Ti OC Edition Gaming Graphics Card (PCIe 4.0, 8GB GDDR6X, HDMI 2.1, DisplayPort 1.4a, Axial-tech Fan Design",ASUS,RTX 3070 Ti OC Edition,8 GB,GDDR6X,318.5 mm,PCIe x16,GeForce RTX 3070 Ti,1575 MHz,1845 MHz,G-Sync,$759,0
"ASUS TUF Gaming NVIDIA GeForce RTX 3070 Ti OC Edition Graphics Card (PCIe 4.0, 8GB GDDR6X, HDMI 2.1, DisplayPort 1.4a, Dual Ball Fan Bearings",ASUS,RTX 3070 Ti OC Edition,8 GB,GDDR6X,299.9 mm,PCIe x16,GeForce RTX 3070 Ti,1575 MHz,1815 MHz,G-Sync,$654.99,0
GeForce RTX 3070 Ti SUPRIM X 8G,MSI,RTX 3070Ti SUPRIM X 8G,8 GB,GDDR6X,335 mm,PCIe x16,GeForce RTX 3070 Ti,1575 MHz,1875 MHz,G-Sync,$944.04,0
"ZOTAC Gaming GeForce RTX 3070 Ti Trinity 8GB GDDR6X 256-bit 19 Gbps PCIE 4.0 Gaming Graphics Card, IceStorm 2.0 Advanced Cooling",ZOTAC,RTX 3070 Ti Trinity 8GB,8 GB,GDDR6X,317.6 mm,PCIe x16,GeForce RTX 3070 Ti,1575 MHz,1770 MHz,G-Sync,$689.99,0
PNY NVIDIA Quadro RTX 8000,PNY,Quadro RTX 8000,48 GB,GDDR6,266.7 mm,PCIe x16,Quadro RTX 8000,1395 MHz,1770 MHz,None,"$5,349",0
ZOTAC GAMING GeForce RTX 3070 AMP Holo 8GB GDDR6 256-bit 14 Gbps PCIE 4.0 Gaming Graphics Card,ZOTAC,RTX 3070 AMP Holo 8GB,8 GB,GDDR6,291.2 mm,PCIe x16,GeForce RTX 3070,1500 MHz,1785 MHz,G-Sync,N/A,0
NVIDIA TITAN V VOLTA 12GB HBM2 VIDEO CARD,NVIDIA,Titan V,12 GB,HBM2,267 mm,PCIe x16,Titan V,1200 MHz,1455 MHz,G-Sync,"$1,799.99",0
"Radeon RX 6700 XT Eagle 12G Graphics Card, WINDFORCE 3X Cooling System, 12GB 192-bit GDDR6",Gigabyte,RX 6700 XT Eagle,12 GB,GDDR6,282 mm,PCIe x16,Radeon RX 6700 XT,2321 MHz,2581 MHz,FreeSync,$449.99,0
Sapphire PULSE RX6700XT 12GB Gaming PCIe Video Card,SAPPHIRE,RX6700 XT 12GB Pulse,12 GB,GDDR6,260 mm,PCIe x16,Radeon RX 6700 XT,2321 MHz,2581 MHz,FreeSync,$489,0
"ASUS TUF Gaming AMD Radeon RX 6700 XT OC Edition Graphics Card AMD RDNA 2, PCIe 4.0, 12GB GDDR6, HDMI 2.1, DisplayPort 1.4a, Dual ball fan bearings",ASUS,RX 6700 XT OC Edition,12 GB,GDDR6,322 mm,PCIe x16,Radeon RX 6700 XT,2321 MHz,2622 MHz,FreeSync,$743.03,0
"AMD Radeon RX 6700 XT Gaming Graphics Card with 12GB GDDR6, AMD RDNA 2",XFX,RX-67TMYDFD8,12 GB,GDDR6,266.7 mm,PCIe x16,Radeon RX 6700 XT,2330 MHz,2615 MHz,FreeSync,$749.99,0
"PowerColor Hellhound AMD Radeon RX 6700 XT Gaming Graphics Card with 12GB GDDR6 Memory, Powered by AMD RDNA 2, Raytracing",PowerColor,AXRX 6700XT 12GBD6-3DHL,12 GB,GDDR6,305 mm,PCIe x16,Radeon RX 6700 XT,2321 MHz,2581 MHz,FreeSync,$622,0
ASROCK RX6700 XT CLD 12GO,ASRock,Radeon RX6700XT CLD 12G,12 GB,GDDR6,269 mm,PCIe x16,Radeon RX 6700 XT,2321 MHz,2581 MHz,FreeSync,$509.90,0
ASRock RX 6700XT 12GB ASROCK Phantom Gaming,ASRock,Radeon RX6700XT PGD 12GO,12 GB,GDDR6,305 mm,PCIe x16,Radeon RX 6700 XT,2457 MHz,2622 MHz,FreeSync,$737.40,0
"Sapphire Technology Nitro+ AMD Radeon RX 6700 XT Gaming Graphics Card with 12GB GDDR6, AMD RDNA 2",SapphireTechnology,RX 6700 XT 12GB Nitro+,12 GB,GDDR6,310.05 mm,PCIe x16,Radeon RX 6700 XT,2321 MHz,2622 MHz,FreeSync,$499,0
"ASUS ROG Strix AMD Radeon RX 6700 XT OC Edition Gaming Graphics Card AMD RDNA 2, PCIe 4.0, 12GB GDDR6, HDMI 2.1, DisplayPort 1.4a, Axial-tech Fan Design, 2.9-Slot, Super Alloy Power II, GPU Tweak II",ASUS,ROG Strix RX 6700 XT OC Edition,12 GB,GDDR6,322 mm,PCIe x16,Radeon RX 6700 XT,2321 MHz,2622 MHz,FreeSync,$748.98,0
"PowerColor Hellhound Spectral White AMD Radeon RX 6700 XT Gaming Graphics Card with 12GB GDDR6 Memory, Powered by AMD RDNA 2, HDMI 2.1",PowerColor,Hellhound Spectral RX 6700 XT,12 GB,GDDR6,305 mm,PCIe x16,Radeon RX 6700 XT,2321 MHz,2581 MHz,FreeSync,"$1,109",0
"XFX Speedster MERC319 AMD Radeon RX 6700 XT Black Gaming Graphics Card with 12GB GDDR6 HDMI 3xDP, AMD RDNA 2",XFX,Speedster MERC319 RX 6700 XT Black,12 GB,GDDR6,323 mm,PCIe x16,Radeon RX 6700 XT,2321 MHz,2622 MHz,FreeSync,"$1,107.11",0
"PowerColor Fighter AMD Radeon RX 6700 XT Gaming Graphics Card with 12GB GDDR6 Memory, Powered by AMD RDNA 2, Raytracing, PCI Express 4.0",PowerColor,RX 6700 XT Fighter,12 GB,GDDR6,228 mm,PCIe x16,Radeon RX 6700 XT,2321 MHz,2581 MHz,FreeSync,$549.99,0
MSI Gaming Radeon RX 6700 XT 192-bit 12GB GDDR6 DP/HDMI Dual Torx 3.0 Fans FreeSync DirectX 12 VR Ready Graphics Card,MSI,RX 6700 XT MECH 2X 12G,12 GB,GDDR6,247 mm,PCIe x16,Radeon RX 6700 XT,2321 MHz,2620 MHz,FreeSync,$449.99,0
"ASUS Dual AMD Radeon RX 6700 XT Standard Edition 12GB GDDR6 Gaming Graphics Card (AMD RDNA 2, PCIe 4.0, 12GB GDDR6 Memory, HDMI 2.1",ASUS,RX 6700 XT Standard Edition,12 GB,GDDR6,295 mm,PCIe x16,Radeon RX 6700 XT,2321 MHz,2622 MHz,FreeSync,$489.88,0
Gigabyte AORUS Radeon RX 6700 XT ELITE 12GB Graphics Card,Gigabyte,AORUS RX 6700 XT ELITE,12 GB,GDDR6,296 mm,PCIe x16,Radeon RX 6700 XT,2321 MHz,2622 MHz,FreeSync,"$1,350",0
NVIDIA GeForce RTX 2080 Super Founders Edition Graphics Card,NVIDIA,GeForce RTX 2080 SUPER,8 GB,GDDR6,266.74 mm,PCIe x16,GeForce RTX 2080 SUPER,1650 MHz,1815 MHz,G-Sync,"$1,299.95",0
MSI Gaming GeForce RTX 2080 Super 8GB GDRR6 256-Bit HDMI/DP Nvlink Tri-Frozr Turing Architecture Overclocked Graphics Card,MSI,GeForce RTX 2080 SUPER,8 GB,GDDR6,328 mm,PCIe x16,GeForce RTX 2080 SUPER,1650 MHz,1845 MHz,G-Sync,$599,1
"EVGA, GeForce RTX 2080 Super Black Gaming, 8GB GDDR6",EVGA,GeForce RTX 2080 Super,8 GB,GDDR6,269.83 mm,PCIe x16,GeForce RTX 2080 SUPER,1650 MHz,1815 MHz,G-Sync,"$1,199.95",0
"GIGABYTE GeForce RTX 2080 Super Windforce OC 8G Graphics Card, 3X Windforce Fans, 8GB 256-Bit GDDR6",Gigabyte,GeForce RTX 2080 Super,8 GB,GDDR6,286.512 mm,PCIe x16,GeForce RTX 2080 SUPER,1650 MHz,1830 MHz,G-Sync,$479,1
ASUS GeForce RTX 2080 Super Overclocked 8G GDDR6 Dual-Fan EVO V2 Edition VR Ready HDMI DisplayPort 1.4 Graphics Card,ASUS,GeForce RTX 2080 SUPER,8 GB,GDDR6,267 mm,PCIe x16,GeForce RTX 2080 SUPER,1650 MHz,1860 MHz,G-Sync,$599,1
ASUS ROG Strix GeForce RTX 2080 Super Advanced Overclocked 8G GDDR6 HDMI DP 1.4 USB Type-C Gaming Graphics Card,ASUS,ROG Strix GeForce RTX 2080,8 GB,GDDR6,299.7 mm,PCIe x16,GeForce RTX 2080 SUPER,1650 MHz,1860 MHz,G-Sync,"$3,799.99",0
"EVGA GeForce RTX 2080 Super FTW3 Ultra, Overclocked, 2.75 Slot Extreme Cool Triple + iCX2, 65C Gaming, RGB, Metal Backplate, 8GB",EVGA,GeForce RTX 2080 SUPER,8 GB,GDDR6,301.925 mm,PCIe x16,GeForce RTX 2080 SUPER,1650 MHz,1845 MHz,G-Sync,$699.99,1
"EVGA GeForce RTX 2080 Super XC Ultra, Overclocked, 2.75 Slot Extreme Cool Dual, 70C Gaming, RGB, Metal Backplate, 8GB GDDR6",EVGA,GeForce RTX 2080 Super,8 GB,GDDR6,269.83 mm,PCIe x16,GeForce RTX 2080 SUPER,1650 MHz,1845 MHz,G-Sync,$525.69,1
MSI GAMING GeForce RTX 2080 8GB GDRR6 256-bit HDMI/DP/USB Ray Tracing Turing Architecture Graphics Card (RTX 2080 VENTUS 8G OC),MSI,RTX 2080 VENTUS 8G OC,8 GB,GDDR6,268 mm,PCIe x16,GeForce RTX 2080,1515 MHz,1800 MHz,G-Sync,$399,1
"Gigabyte AORUS GeForce RTX 2080 8G Graphics Card, 3X Stacked Windforce Fans, 8GB 256-Bit GDDR6, GV-N2080AORUS-8GC Video Card",Gigabyte,GV-N2080AORUS-8GC,8 GB,GDDR6,290 mm,PCIe x16,GeForce RTX 2080,1710 MHz,1890 MHz,G-Sync,$659,1
"Gigabyte AORUS GeForce RTX 2080 Xtreme WATERFORCE 8G Graphics Card, 240mm AIO with RGB Fans, 8GB 256-Bit GDDR6",Gigabyte,GV-N2080AORUSX W-8GC,8 GB,GDDR6,290 mm,PCIe x16,GeForce RTX 2080,1710 MHz,1890 MHz,G-Sync,N/A,0
"ZOTAC GAMING GeForce RTX 2080 Twin Fan 8GB GDDR6 256-bit Gaming Graphics Card, IceStorm 2.0 Cooling, Active Fan Control, Metal Backplate, Spectra Lighting, ZT-T20800G-10P",ZOTAC,ZT-T20800G-10P,8 GB,GDDR6,268 mm,PCIe x16,GeForce RTX 2080,1515 MHz,1710 MHz,G-Sync,$500,1
ASUS GeForce RTX 2080 O8G ROG STRIX OC Edition GDDR6 HDMI DP 1.4 Type-C graphics card,Asus,ROG Strix RTX2080 O8G Gaming,8 GB,GDDR6,297.7 mm,PCIe x16,GeForce RTX 2080,1515 MHz,1890 MHz,G-Sync,"$1,449.99",1
"Gigabyte GeForce RTX 2080 Gaming OC White 8G Graphics Card, 3X Windforce Fans, 8GB 256-Bit GDDR6, GV-N2080GAMINGOC WHITE-8GC Video Card",Gigabyte,GeForce RTX 2080,8 GB,GDDR6,286.5 mm,PCIe x16,GeForce RTX 2080,1710 MHz,1830 MHz,G-Sync,N/A,0
"Gigabyte GeForce RTX 2080 Windforce 8G Graphics Card, 3X Windforce Fans, 8GB 256-Bit GDDR6, GV-N2080WF3-8GC Video Card",Gigabyte,GeForce RTX 2080 Windforce,8 GB,GDDR6,280.35 mm,PCIe x16,GeForce RTX 2080,1710 MHz,1830 MHz,G-Sync,$498.12,1
"Gigabyte 8GD GeForce RTX 2070 Super Windforce OC 8G Graphics Card, 3X Windforce Fans, 8GB 256-Bit GDDR6, Video Card",Gigabyte,Windforce OC,8 GB,GDDR6,280.35 mm,PCIe x16,GeForce RTX 2070 SUPER,1605 MHz,1785 MHz,G-Sync,$668,1
NVIDIA GeForce RTX 2070 Super Founders Edition Graphics Card,NVIDIA,Founders Edition,8 GB,GDDR6,266.74 mm,PCIe x16,GeForce RTX 2070 SUPER,1605 MHz,1770 MHz,G-Sync,$479,1
MSI Gaming GeForce RTX 2070 Super 8GB GDRR6 256-Bit HDMI/DP Nvlink Twin-Froze Turing Architecture Overclocked Graphics Card,MSI,GeForce RTX 2070 SUPER,8 GB,GDDR6,297 mm,PCIe x16,GeForce RTX 2070 SUPER,1605 MHz,1800 MHz,G-Sync,$589.99,1
"EVGA GeForce RTX 2070 Super Gaming, 8GB GDDR6",EVGA,GeForce RTX 2070 SUPER,8 GB,GDDR6,269.83 mm,PCIe x16,GeForce RTX 2070 SUPER,1605 MHz,1770 MHz,G-Sync,$539,1
"EVGA GeForce RTX 2070 Super XC ultra gaming, 8GB GDDR6, Dual HDB Fans, RGB LED, Metal Backplate",EVGA,GeForce RTX 2070 SUPER,8 GB,GDDR6,269.83 mm,PCIe x16,GeForce RTX 2070 SUPER,1605 MHz,1800 MHz,G-Sync,$474.95,1
"Gigabyte GeForce RTX 2070 Super Gaming OC 8G Graphics Card, 3X Windforce Fans, 8GB 256-Bit GDDR6, Video Card",Gigabyte,GeForce RTX 2070 Super,8 GB,GDDR6,286.5 mm,PCIe x16,GeForce RTX 2070 SUPER,1605 MHz,1815 MHz,G-Sync,$529.99,1
Asus GeForce RTX 2070 Super Overclocked 8G EVO GDDR6 Dual-Fan Edition VR Ready HDMI DisplayPort Gaming Graphics Card,ASUS,GeForce RTX 2070 SUPER,8 GB,GDDR6,267 mm,PCIe x16,GeForce RTX 2070 SUPER,1635 MHz,1845 MHz,G-Sync,$494.11,1
"EVGA Corporation Graphics Card - GF RTX 2070 Super - 8 GB GDDR6 - PCIe 3.0 x16 - HDMI, 3 x DisplayPort, USB-C",EVGA,GeForce RTX 2070 SUPER,8 GB,GDDR6,265.63 mm,PCIe x16,GeForce RTX 2070 SUPER,1605 MHz,1770 MHz,G-Sync,$799,1
ASUS ROG STRIX GeForce RTX 2070 SUPER Advanced Overclocked 8G GDDR6 HDMI DisplayPort USB Type-C Gaming Graphics Card,ASUS,GeForce RTX 2070 SUPER,8 GB,GDDR6,299.7 mm,PCIe x16,GeForce RTX 2070 SUPER,1635 MHz,1830 MHz,G-Sync,$484.36,1
"EVGA GeForce RTX 2070 Super XC Gaming, 8GB GDDR6, Dual HDB Fans, RGB LED",EVGA,GeForce RTX 2070 SUPER,8 GB,GDDR6,269.83 mm,PCIe x16,GeForce RTX 2070 SUPER,1605 MHz,1800 MHz,G-Sync,$469.74,1
MSI Gaming GeForce RTX 2070 Super 8GB GDRR6 256-bit HDMI/DP NVLink Torx Fan Turing Architecture Overclocked G-SYNC Graphics Card,MSI,GeForce RTX 2070 SUPER,8 GB,GDDR6,258 mm,PCIe x16,GeForce RTX 2070 SUPER,1605 MHz,1785 MHz,G-Sync,$410,1
"EVGA GeForce GTX 1080 Ti FTW3 Gaming, 11GB GDDR5X, iCX Technology - 9 Thermal Sensors & RGB LED G/P/M, 3X Async Fan Control, Optimized Airflow Design Graphics Card 11G-P4-6696-KR",EVGA,GeForce GTX 1080 Ti FTW3 Gaming,11 GB,GDDR5X,300 mm,PCIe x16,GeForce GTX 1080 Ti,1569 MHz,1683 MHz,G-Sync,$529,1
"EVGA GeForce GTX 1080 Ti SC2 Gaming, 11GB GDDR5X, iCX Technology - 9 Thermal Sensors & RGB LED G/P/M, Asynch Fan, Optimized Airflow Design Graphics Card 11G-P4-6593-KR",EVGA,GeForce GTX 1080 Ti SC2 Gaming,11 GB,GDDR5X,267 mm,PCIe x16,GeForce GTX 1080 Ti,1556 MHz,1670 MHz,G-Sync,$519.99,1
MSI GEFORCE GTX1080 TI GAMING X 11G,MSI,GeForce GTX 1080 Ti,11 GB,GDDR5,290 mm,PCIe x16,GeForce GTX 1080 Ti,1569 MHz,1683 MHz,G-Sync,$419.99,1
"Gigabyte Radeon Rx 5700 Xt Gaming OC 8G Graphics Card, PCIe 4.0, 8GB 256-Bit GDDR6, Video Card",Gigabyte,Radeon Rx 5700 Xt,8 GB,GDDR6,279.85 mm,PCIe x16,Radeon RX 5700 XT,1650 MHz,1905 MHz,FreeSync,$518.95,1
PowerColor Navi AMD Radeon RX 5700 XT 8GB GDDR6 AXRX 5700Xt 8GBD6-M3DH,PowerColor,AXRX 5700XT 8GBD6-M3DH,8 GB,GDDR6,270 mm,PCIe x16,Radeon RX 5700 XT,1605 MHz,1905 MHz,FreeSync,$899,1
Sapphire Radeon PULSE RX 5700 Xt 8GB GDDR6 HDMI/ TRIPLE DP OC w/ Backplate (UEFI) PCIe 4.0 Graphics Card,SapphireTechnology,Radeon RX 5700 XT,8 GB,GDDR6,254 mm,PCIe x16,Radeon RX 5700 XT,1670 MHz,1925 MHz,FreeSync,$840.99,0
MSI Gaming Radeon Rx 5700 Xt Boost Clock: 1925 MHz 256-bit 8GB GDDR6 DP/HDMI Dual Fans Crossfire Freesync Navi Architecture Graphics Card,MSI,Radeon RX 5700 XT,8 GB,GDDR6,232 mm,PCI Express 4.0 x16,Radeon RX 5700 XT,1670 MHz,1815 MHz,FreeSync,$377.99,1
XFX RX 5700 Xt Thicc III Ultra 8GB Boost Up to 2025MHz GDDR6 3xDP HDMI Graphics Card,XFX,Radeon RX 5700 XT,8 GB,GDDR6,315 mm,PCI Express 4.0 x16,Radeon RX 5700 XT,1810 MHz,2025 MHz,FreeSync,$899.95,1
PowerColor Red Devil Radeon 8GB GDDR6 Graphics Card,PowerColor,Radeon RX 5700 XT,8 GB,GDDR6,300 mm,PCIe x16,Radeon RX 5700 XT,1605 MHz,1905 MHz,FreeSync,$412.01,1
MSI Gaming Radeon Rx 5700 Xt 256-bit 8GB GDDR6 HDMI/DP Dual Fans Crossfire Freesync Navi Architecture Graphics Card,MSI,Radeon RX 5700 XT,8 GB,GDDR6,297 mm,PCI Express 4.0 x16,Radeon RX 5700 XT,1730 MHz,1980 MHz,FreeSync,$339,1
Sapphire Radeon NITRO+ RX 5700 XT 8GB GDDR6 Dual HDMI / Dual DP OC (UEFI) PCIe 4.0 Graphics Card,SapphireTechnology,Radeon NITRO+,8 GB,GDDR6,306 mm,PCIe x16,Radeon RX 5700 XT,1770 MHz,2010 MHz,FreeSync,$432.89,1
XFX RX 5700 XT Triple Dissipation 8GB GDDR6 3xDP HDMI Graphics Card,XFX,Radeon RX 5700 XT,8 GB,GDDR6,326 mm,PCIe x16,Radeon RX 5700 XT,1605 MHz,1905 MHz,FreeSync,$899.95,1
ASRock VCX RX 5700 XT Challenger D 8G OC 8GB GDDR6 PCIE 256B HDMI 3xDP Retail,ASRock,RX5700 XT,8 GB,GDDR6,281 mm,PCIe x16,Radeon RX 5700 XT,1650 MHz,1905 MHz,FreeSync,$393,1
PowerColor Radeon Rx 5700 Xt 8GB GDDR6 Graphics Card,PowerColor,Radeon RX 5700 XT,8 GB,GDDR6,230 mm,PCIe x16,Radeon RX 5700 XT,1605 MHz,1905 MHz,FreeSync,$469.98,1
"ASUS TUF Gaming 3 AMD Radeon RX 5700XT OC Edition Gaming Graphics Card (PCIe 4.0, 8GB, GDDR6, HDMI, DisplayPort, Axial-tech Fan Design",ASUS,TUF RX 5700XT OC Edition,8 GB,GDDR6,282.6 mm,PCIe x16,Radeon RX 5700 XT,1605 MHz,1980 MHz,FreeSync,"$1,698.86",1
PowerColor Red Dragon AMD Radeon RX 5700 XT 8GB AXRX 5700XT 8GBD6-3DHR/OC,PowerColor,Red Dragon RX 5700 XT,8 GB,GDDR6,240 mm,PCIe x16,Radeon RX 5700 XT,1650 MHz,1905 MHz,FreeSync,$469.99,1
"Gigabyte GeForce RTX 2070 Gaming OC 8G Graphics Card, 3X Windforce Fans, 8GB 256-Bit GDDR6, GV-N2070GAMING OC-8GC Video Card",Gigabyte,GV-N2070GAMING OC-8GC,8 GB,GDDR6,280.35 mm,PCIe x16,GeForce RTX 2070,1620 MHz,1740 MHz,G-Sync,N/A,0
ZOTAC Gaming GeForce RTX 2070 Blower 8GB GDDR6 256-bit Dual Slot Gaming Graphics Card,ZOTAC,ZT-T20700A-10P,8 GB,GDDR6,268 mm,PCIe x16,GeForce RTX 2070,1410 MHz,1620 MHz,G-Sync,N/A,0
MSI Gaming GeForce RTX 2070 8GB GDRR6 256-Bit HDMI/DP DirectX 12 VR Ready Ray Tracing Turing Architecture HDCP Graphics Card,MSI,GeForce RTX 2070,8 GB,GDDR6,232 mm,PCIe x16,GeForce RTX 2070,1410 MHz,1620 MHz,G-Sync,$429,1
MSI GAMING GeForce RTX 2070 8GB GDRR6 256-bit HDMI/DP/USB Ray Tracing Turing Architecture HDCP Graphics Card,MSI,GeForce RTX 2070 VENTUS 8G,8 GB,GDDR6,226 mm,PCIe x16,GeForce RTX 2070,1410 MHz,1620 MHz,G-Sync,$599.99,1
ZOTAC GAMING GeForce RTX 2070 AMP Extreme 8GB GDDR6 256-bit RGB LED Metal Wrap Backplate Graphics Card,ZOTAC,GAMING GeForce RTX 2070 AMP Extreme,8 GB,GDDR6,308 mm,PCIe x16,GeForce RTX 2070,1410 MHz,1860 MHz,G-Sync,"$1,289",1
MSI GeForce RTX 2070 8 GB ARMOR Graphics Card,MSI,GeForce RTX 207,8 GB,GDDR6,309 mm,PCIe x16,GeForce RTX 2070,1410 MHz,1620 MHz,G-Sync,N/A,0
ASUS ROG STRIX GeForce RTX 2070 8G GDDR6 HDMI DP 1.4 USB Type-C Gaming Graphics Card,ASUS,ROG-STRIX-RTX2070-8G-GAMING,8 GB,GDDR6,300.5 mm,PCIe x16,GeForce RTX 2070,1410 MHz,1650 MHz,G-Sync,N/A,0
"EVGA GeForce RTX 3060 XC Gaming, 12GB GDDR6, Dual-Fan, Metal Backplate",EVGA,RTX 3060 XC,12 GB,GDDR6,201.8 mm,PCIe x16,GeForce RTX 3060,1320 MHz,1882 MHz,G-Sync,$414.99,0
MSI Gaming GeForce RTX 3060 12GB 15 Gbps GDRR6 192-Bit HDMI/DP PCIe 4 Twin-Frozr Torx Fan Ampere RGB OC Graphics Card (RTX 3060 Gaming X 12G),MSI,GeForce RTX 3060 Gaming X 12G,12 GB,GDDR6,276 mm,PCIe x16,GeForce RTX 3060,1320 MHz,1837 MHz,G-Sync,$433.15,0
"ZOTAC Gaming GeForce RTX 3060 Twin Edge OC 12GB GDDR6 192-bit 15 Gbps PCIE 4.0 Gaming Graphics Card, IceStorm 2.0 Cooling, Active Fan Control",ZOTAC,RTX 3060 Twin Edge OC,12 GB,GDDR6,224.1 mm,PCIe x16,GeForce RTX 3060,1320 MHz,1807 MHz,G-Sync,$442.08,0
"ASUS Phoenix NVIDIA GeForce RTX 3060 Gaming Graphics Card (PCIe 4.0, 12GB GDDR6 Memory, HDMI 2.1, DisplayPort 1.4a, Axial-tech Fan Design",ASUS,PH-RTX3060-12G,12 GB,GDDR6,177 mm,PCIe x16,GeForce RTX 3060,1320 MHz,1807 MHz,G-Sync,$499,0
MSI Gaming GeForce RTX 3060 12GB 15 Gbps GDRR6 192-Bit HDMI/DP PCIe 4 Torx Triple Fan Ampere OC Graphics Card (RTX 3060 Ventus 3X 12G OC),MSI,RTX 3060 Ventus 3X 12G OC,12 GB,GDDR6,316 mm,PCIe x16,GeForce RTX 3060,1320 MHz,1807 MHz,G-Sync,$435,0
"ZOTAC Gaming GeForce RTX 3060 Twin Edge 12GB GDDR6 192-bit 15 Gbps PCIE 4.0 Gaming Graphics Card, IceStorm 2.0 Cooling, Active Fan Control",ZOTAC,RTX 3060 Twin Edge,12 GB,GDDR6,224.1 mm,PCIe x16,GeForce RTX 3060,1320 MHz,1777 MHz,G-Sync,$499,0
Nvidia Geforce RTX 2060 Super Founders Edition Graphics Card,NVIDIA,Geforce RTX 2060,8 GB,GDDR6,228.6 mm,PCIe x16,GeForce RTX 2060 SUPER,1470 MHz,1650 MHz,G-Sync,$449,1
MSI Gaming GeForce RTX 2060 Super 8GB GDRR6 256-bit HDMI/DP G-SYNC Turing Architecture Overclocked Graphics Card,MSI,RTX 2060 Super Gaming X,8 GB,GDDR6,248 mm,PCIe x16,GeForce RTX 2060 SUPER,1470 MHz,1695 MHz,G-Sync,$449.10,1
"ASUS Dual NVIDIA GeForce RTX 2060 Super EVO V2 OC Edition Gaming Graphics Card (PCIe 3.0, 8GB GDDR6 Memory, HDMI, DisplayPort, DVI-D, Axial-Tech Fan, 0dB Technology, DirectCU II, Auto-Extreme)",ASUS,GeForce RTX 2060 Super EVO,8 GB,GDDR6,242 mm,PCI Express 3.0 x16,GeForce RTX 2060 SUPER,1470 MHz,1695 MHz,G-Sync,$419.64,1
"Gigabyte GeForce RTX 2060 SUPER WINDFORCE OC 8G Graphics Card, 2X Windforce Fans, 8GB 256-bit GDDR6",Gigabyte,GeForce RTX 2060 SUPER,8 GB,GDDR6,265 mm,PCIe x16,GeForce RTX 2060 SUPER,1470 MHz,1680 MHz,G-Sync,$404.19,1
"EVGA GeForce RTX 2060 Super SC Ultra Gaming, 8GB GDDR6, Dual HDB Fans",EVGA,GeForce RTX 2060 SUPER,8 GB,GDDR6,269.83 mm,PCIe x16,GeForce RTX 2060 SUPER,1470 MHz,1680 MHz,G-Sync,"$1,285",0
MSI Gaming GeForce RTX 2060 Super 8GB GDRR6 256-Bit HDMI/DP G-Sync Turing Architecture Overclocked Graphics Card,MSI,GeForce RTX 2060 Super,8 GB,GDDR6,232 mm,PCIe x16,GeForce RTX 2060 SUPER,1470 MHz,1665 MHz,G-Sync,$411.10,0
"ZOTAC GAMING GeForce RTX 2060 SUPER MINI 8GB GDDR6 256-bit 14Gbps Gaming Graphics Card, Ice Storm 2.0, Super Compact",ZOTAC,GeForce RTX 2060 SUPER,8 GB,GDDR6,209.6 mm,PCI Express 3.0 x16,GeForce RTX 2060 SUPER,1470 MHz,1650 MHz,G-Sync,$419.99,0
PowerColor AMD Radeon RX 5700 8GB GDDR6 AXRX 5700 8GBD6-M3DH,PowerColor,AXRX 5700 8GBD6-M3DH,8 GB,GDDR6,270 mm,PCIe x16,Radeon RX 5700,1465 MHz,1725 MHz,FreeSync,$899,1
"EVGA GeForce RTX 2060 XC GAMING, 6GB GDDR6, HDB Fan Graphics Card",EVGA,GeForce RTX 2060 XC GAMING,6 GB,GDDR6,189.89 mm,PCIe x16,GeForce RTX 2060,1365 MHz,1755 MHz,G-Sync,N/A,0
"EVGA 06G-P4-2067-KR GeForce RTX 2060 SC Ultra Gaming, 6GB GDDR6, Dual HDB Fans",EVGA,GeForce RTX 2060 SC Ultra Gaming,6 GB,GDDR6,267.97 mm,PCIe x16,GeForce RTX 2060,1365 MHz,1755 MHz,G-Sync,$360,1
ASUS DUAL RTX 2060 Overclocked 6G VR Ready Gaming Graphics Card �?Turing Architecture,Asus,DUAL-RTX2060-O6G,6 GB,GDDR6,270 mm,PCIe x16,GeForce RTX 2060,1365 MHz,1785 MHz,G-Sync,$479,0
"EVGA GeForce RTX 2060 KO Ultra Gaming, 6GB GDDR6, Dual Fans",EVGA,GeForce RTX 2060,6 GB,GDDR6,202.1 mm,PCIe x16,GeForce RTX 2060,1365 MHz,1755 MHz,G-Sync,$269.99,0
"GIGABYTE Geforce RTX 2060 OC GG Graphics Card, 2x WINDFORCE Fans, 6GB 192-Bit GDDR6",Gigabyte,GeForce RTX 2060,6 GB,GDDR6,225.65 mm,PCIe x16,GeForce RTX 2060,1365 MHz,1755 MHz,G-Sync,N/A,0
ASUS TUF Gaming GeForce RTX 2060 Overclocked 6GB Edition 4K VR Ready HDMI 2.0b DP 1.4 Graphics Card,Asus,TUF-RTX2060-O6G-GAMING,6 GB,GDDR6,204 mm,PCIe x16,GeForce RTX 2060,1365 MHz,1740 MHz,G-Sync,"$1,616.21",0
MSI Gaming GeForce RTX 2060 6GB GDRR6 192-bit HDMI/DP Ray Tracing Turing Architecture VR Ready Graphics Card,MSI,GeForce RTX 2060 VENTUS XS,6 GB,GDDR6,205 mm,PCIe x16,GeForce RTX 2060,1365 MHz,1710 MHz,G-Sync,$599,0
MSI GeForce RTX 2060 GAMING Z 6G Graphics Card,MSI,RTX 2060 GAMING Z 6G,6 GB,GDDR6,247 mm,PCI Express 3.0 x16,GeForce RTX 2060,1365 MHz,1830 MHz,G-Sync,N/A,0
"GIGABYTE AORUS GeForce RTX 2060 XTREME 6G Graphics Card, 3x Stacked WINDFORCE Fans, 6GB 192-Bit GDDR6",Gigabyte,GV-N2060AORUS X-6GC,6 GB,GDDR6,290 mm,PCIe x16,GeForce RTX 2060,1365 MHz,1845 MHz,G-Sync,N/A,0
"Gigabyte GeForce RTX 2060 Mini ITX OC 6G Graphics Card, Mini ITX Form Factor, 6GB 192-bit GDDR6, GV-N2060IXOC-6GD Video Card",Gigabyte,GV-N2060IXOC-6GD,6 GB,GDDR6,170 mm,PCIe x16,GeForce RTX 2060,1365 MHz,1695 MHz,G-Sync,N/A,0
MSI Gaming GeForce RTX 2060 6GB GDRR6 192-bit HDMI/DP Ray Tracing Turing Architecture VR Ready Graphics Card,MSI,GeForce RTX 2060 VENTUS 6G OC,6 GB,GDDR6,226 mm,PCIe x16,GeForce RTX 2060,1365 MHz,1710 MHz,G-Sync,$395.99,0
ASUS GeForce RTX 2060 Overclocked 6G GDDR6 Dual-Fan EVO Edition VR Ready HDMI DisplayPort DVI Graphics Card,ASUS,GeForce RTX 2060,6 GB,GDDR6,242 mm,PCIe x16,GeForce RTX 2060,1365 MHz,1785 MHz,G-Sync,$323.71,0
"GIGABYTE GeForce RTX 2060 Windforce OC 6G Graphics Card, 2X Windforce Fans, 6GB 192-bit GDDR6",Gigabyte,GeForce RTX 2060,6 GB,GDDR6,264.9 mm,PCI Express 3.0 x16,GeForce RTX 2060,1680 MHz,1770 MHz,G-Sync,$244.72,1
"ZOTAC Gaming GeForce RTX 2060 6GB GDDR6 192-bit Gaming Graphics Card, Super Compact",ZOTAC,GeForce RTX 2060,6 GB,GDDR6,209.6 mm,PCI Express 3.0 x16,GeForce RTX 2060,1365 MHz,1680 MHz,G-Sync,$299.99,0
"ZOTAC Gaming GeForce RTX 2060 Twin Fan 6GB GDDR6 192-bit Gaming Graphics Card, Super Compact, IceStorm 2.0",ZOTAC,GeForce RTX 2060,6 GB,GDDR6,209.6 mm,PCIe x16,GeForce RTX 2060,1365 MHz,1680 MHz,G-Sync,$479.99,0
ASUS ROG STRIX GeForce RTX 2060 Overclocked 6G GDDR6 HDMI DP 1.4 Gaming Graphics Card (ROG-STRIX-RTX-2060-O6G),Asus,ROG-STRIX-RTX2060-O6G-GAMING,6 GB,GDDR6,300 mm,PCIe x16,GeForce RTX 2060,1365 MHz,1860 MHz,G-Sync,$600,1
"GIGABYTE GeForce RTX 2060 Gaming OC Pro 6G Graphics Card, 3X Windforce Fans, 6GB 192-bit GDDR6, GV-N2060GAMINGOC PRO-6GD Video Card",Gigabyte,GeForce RTX 2060,6 GB,GDDR6,280.35 mm,PCIe x16,GeForce RTX 2060,1680 MHz,1830 MHz,G-Sync,"$1,319",1
"EVGA GeForce RTX 2060 XC Black Edition Gaming, 6GB GDDR6, HDB Fan Graphics Card",EVGA,GeForce RTX 2060 XC Black Edition,6 GB,GDDR6,189.89 mm,PCIe x16,GeForce RTX 2060,1365 MHz,1680 MHz,G-Sync,$524.69,0
MSI Gaming GeForce GTX 1080 8GB GDDR5X SLI DirectX 12 VR Ready Graphics Card (GTX 1080 GAMING 8G),MSI,GeForce GTX 1080 GAMING 8G,8 GB,GDDR5X,279 mm,PCIe x16,GeForce GTX 1080,1607 MHz,1771 MHz,G-Sync,N/A,0
MSI Gaming GeForce GTX 1080 8GB GDDR5X SLI DirectX 12 VR Ready Graphics Card (GTX 1080 GAMING X 8G),MSI,GTX 1080 GAMING X 8G,8 GB,GDDR5X,279 mm,PCIe x16,GeForce GTX 1080,1607 MHz,1847 MHz,G-Sync,$333,1
Sapphire Radeon Pulse RX 5600 XT 14GBPS 6GB GDDR6 HDMI / Triple DP OC w/ backplate (UEFI) PCIe 4.0 Graphics Card,SapphireTechnology,Radeon RX 5600 XT,6 GB,GDDR6,254 mm,PCIe x16,Radeon RX 5600 XT,1247 MHz,1750 MHz,FreeSync,$370,1
XFX RX 5600 XT THICC II PRO -14GBPS 6GB GDDR6 BOOST UP TO 1620MHz 3xDP HDMI Graphics Card,XFX,RX 5600 XT,6 GB,GDDR6,280 mm,PCIe x16,Radeon RX 5600 XT,1247 MHz,1620 MHz,FreeSync,$479,1
MSI Gaming Radeon RX 5600 XT Boost Clock: 1600 MHz 192-bit 6GB GDDR6 DP/HDMI Dual Torx 3.0 Fans Freesync DirectX 12 Ready Graphics Card,MSI,Radeon RX 5600 XT,6 GB,GDDR6,231 mm,PCI Express 4.0 x16,Radeon RX 5600 XT,1185 MHz,1420 MHz,FreeSync,$314.10,1
"GIGABYTE Radeon RX 5600 XT Gaming OC 6G Graphics Card, PCIe 4.0, 6GB 192-Bit GDDR6,",Gigabyte,Radeon RX 5600 XT,6 GB,GDDR6,279.85 mm,PCIe x16,Radeon RX 5600 XT,1247 MHz,1620 MHz,FreeSync,N/A,0
"ASUS ROG Strix AMD Radeon RX 5600 XT OC Edition Gaming Graphics Card (PCIe 4.0, 6GB, GDDR6 Memory, HDMI, DisplayPort, Axial-tech Fan Design",ASUS,ROG Strix RX 5600 XT OC Edition,6 GB,GDDR6,303.7 mm,PCIe x16,Radeon RX 5600 XT,1247 MHz,1770 MHz,FreeSync,$399,1
"EVGA GeForce 08G-P4-5671-KR, GTX 1070 Ti SC GAMING ACX 3.0 Black Edition, 8GB GDDR5, EVGA OCX Scanner OC, White LED, DX12OSD Support (PXOC) Graphics Card",EVGA,08G-P4-5671-KR,8 GB,GDDR5,267 mm,PCIe x16,GeForce GTX 1070 Ti,1607 MHz,1683 MHz,G-Sync,$241.47,1
MSI Gaming GeForce GTX 1070 Ti 8GB GDRR5 256-bit HDCP Support DirectX 12 SLI Twin Frozr Heat Pipes Dual TORX 2.0 Fan VR Ready Graphics Card (GTX 1070 TI Gaming 8G),MSI,GeForce GTX 1070 TI GAMING 8G,8 GB,GDDR5,279 mm,PCIe x16,GeForce GTX 1070 Ti,1607 MHz,1683 MHz,G-Sync,$349,1
GIGABYTE GeForce GTX 1660 Ti Gaming OC 6G 192-bit GDDR6 DisplayPort 1.4 HDMI 2.0B with Windforce 3X Cooling System Graphic Cards,Gigabyte,GV-N166TGAMING OC-6GD,6 GB,GDDR6,280 mm,PCIe x16,GeForce GTX 1660 Ti,1500 MHz,1860 MHz,G-Sync,$399,1
MSI Gaming GeForce GTX 1660 Ti 192-bit HDMI/DP 6GB GDRR6 HDCP Support DirectX 12 Dual Fan VR Ready OC Graphics Card,MSI,GeForce GTX 1660 Ti,6 GB,GDDR6,247 mm,PCI Express 3.0 x16,GeForce GTX 1660 Ti,1500 MHz,1875 MHz,G-Sync,$349,1
MSI Gaming GeForce GTX 1660 Ti 192-bit HDMI/DP 6GB GDRR6 HDCP Support DirectX 12 Dual Fan VR Ready OC Graphics Card,MSI,GeForce GTX 1660 TI ARMOR 6G OC,6 GB,GDDR6,243 mm,PCIe x16,GeForce GTX 1660 Ti,1500 MHz,1860 MHz,G-Sync,$539.49,0
Asus TUF Gaming GeForce GTX 1660Ti Overclocked 6GB Dual-Fan Edition HDMI DP DVI Gaming Graphics Card,Asus,TUF-GTX1660TI-O6G-Gaming,6 GB,GDDR6,205 mm,PCIe x16,GeForce GTX 1660 Ti,1500 MHz,1830 MHz,G-Sync,$574.99,0
ASUS GeForce GTX 1660 Ti 6GB Dual-fan Overclocked Edition VR Ready Dual HDMI DP 1.4 Gaming Graphics Card (Dual-GTX1660TI-O6G),Asus,90YV0CT2-M0AA00,6 GB,GDDR6,215 mm,PCIe x16,GeForce GTX 1660 Ti,1500 MHz,1830 MHz,G-Sync,$329.99,1
ASUS ROG STRIX GeForce GTX 1660 Ti 6GB Advanced Edition VR Ready HDMI 2.0 DP 1.4 Auto-extreme Graphics card,Asus,ROG-STRIX-GTX1660TI-A6G-GAMING,6 GB,GDDR6,301 mm,PCIe x16,GeForce GTX 1660 Ti,1500 MHz,1830 MHz,G-Sync,N/A,0
ZOTAC Gaming GeForce GTX 1660 Ti AMP 6GB GDDR6 192-bit Graphics Card Super Compact IceStorm 2.0 Cooling,ZOTAC,ZT-T16610D-10M,6 GB,GDDR6,,PCIe x16,GeForce GTX 1660 Ti,1500 MHz,1860 MHz,G-Sync,$988.86,1
GIGABYTE GeForce GTX 1660 Ti OC 6G 192-bit GDDR6 DisplayPort 1.4 HDMI 2.0B with Windforce 2X Cooling System Graphic Cards,Gigabyte,GeForce GTX 1660 Ti,6 GB,GDDR6,225.65 mm,PCI Express 3.0 x16,GeForce GTX 1660 Ti,1500 MHz,1800 MHz,G-Sync,$369.92,0
MSI Gaming GeForce GTX 1660 Ti 192-bit HDMI/DP 6GB GDRR6 HDCP Support DirectX 12 Dual Fan VR Ready OC Graphics Card,MSI,GeForce GTX 1660 Ti VENTUS XS 6G OC,6 GB,GDDR6,204 mm,PCIe x16,GeForce GTX 1660 Ti,1500 MHz,1830 MHz,G-Sync,$599.99,0
GIGABYTE GeForce GTX 1660 Ti Windforce OC 6G 192-bit GDDR6 DisplayPort 1.4 HDMI 2.0B with Windforce 2X Cooling System Graphic Cards- Gv-N166TWF2OC-6GD,Gigabyte,GeForce GTX 1660 Ti,6 GB,GDDR6,264.9 mm,PCIe x16,GeForce GTX 1660 Ti,1500 MHz,1845 MHz,G-Sync,N/A,0
ASUS ROG Strix GeForce GTX 1660 Ti 6GB Overclocked Edition VR Ready HDMI 2.0 DP 1.4 Auto-Extreme Graphics card (STRIX-GTX1660TI-O6G-Gaming),Asus,ROG-STRIX-GTX1660TI-O6G-GAMING,6 GB,GDDR6,301 mm,PCIe x16,GeForce GTX 1660 Ti,1500 MHz,1890 MHz,G-Sync,N/A,0
"EVGA GeForce GTX 1660 Ti XC, Overclocked, 2.75 Slot Extreme Cool, 65C Gaming, 6GB GDDR6, 06G-P4-1263-KR",EVGA,GeForce GTX 1660 Ti XC,6 GB,GDDR6,189.89 mm,PCIe x16,GeForce GTX 1660 Ti,1500 MHz,1845 MHz,G-Sync,$349,1
ZOTAC Gaming GeForce GTX 1660 Ti 6GB GDDR6 192-Bit Gaming Graphics Card Super Compact - ZT-T16610F-10L,ZOTAC,GeForce GTX 1660 Ti,6 GB,GDDR6,173.4 mm,PCIe x16,GeForce GTX 1660 Ti,1500 MHz,1770 MHz,G-Sync,$399,0
MSI Gaming GeForce GTX 1660 Super 192-bit HDMI/DP 6GB GDRR6 HDCP Support DirectX 12 Dual Fan VR Ready OC Graphics Card,MSI,GeForce GTX 1660,6 GB,GDDR6,203.96 mm,PCIe x16,GeForce GTX 1660 SUPER,1530 MHz,1815 MHz,G-Sync,$264,0
Asus TUF Gaming GeForce GTX 1660 Super Overclocked 6GB Edition HDMI DP DVI Gaming Graphics Card,ASUS,GeForce GTX 1660 SUPER,6 GB,GDDR6,206 mm,PCIe x16,GeForce GTX 1660 SUPER,1530 MHz,1845 MHz,G-Sync,$279.99,0
"Gigabyte GeForce GTX 1660 Super OC 6G Graphics Card, 2X Windforce Fans, 6GB 192-bit GDDR6, Video Card",Gigabyte,GeForce GTX 1660 Super,6 GB,GDDR6,225.65 mm,PCIe x16,GeForce GTX 1660 SUPER,1530 MHz,1830 MHz,G-Sync,$369.80,0
"EVGA GeForce GTX 1660 Super Sc Ultra Gaming, 6GB GDDR6, Dual Fan, Metal Backplate",EVGA,GeForce GTX 1660 SUPER,6 GB,GDDR6,202.1 mm,PCIe x16,GeForce GTX 1660 SUPER,1530 MHz,1830 MHz,G-Sync,$239.99,0
"Gigabyte GeForce GTX 1660 Super Gaming OC 6G Graphics Card, 3X Windforce Fans, 6GB 192-bit GDDR6, OC-6GD Video Card",Gigabyte,GeForce GTX 1660 Super,6 GB,GDDR6,280 mm,PCI Express 3.0 x16,GeForce GTX 1660 SUPER,1530 MHz,1860 MHz,G-Sync,$679,0
MSI Gaming GeForce GTX 1660 Super 192-bit HDMI/DP 6GB GDRR6 HDCP Support DirectX 12 Dual Fan VR Ready OC Graphics Card,MSI,GeForce GTX 1660 SUPER,6 GB,GDDR6,246.888 mm,PCIe x16,GeForce GTX 1660 SUPER,1530 MHz,1830 MHz,G-Sync,$329.16,0
Asus GeForce GTX 1660 Super Overclocked 6GB Dual-Fan Evo Edition VR Ready HDMI DisplayPort DVI Graphics Card,ASUS,GeForce GTX 1660 Super,6 GB,GDDR6,242 mm,PCIe x16,GeForce GTX 1660 SUPER,1530 MHz,1860 MHz,G-Sync,$290.59,0
ASUS ROG Strix GeForce GTX 1660 Super Advanced 6GB Edition GDDR6 HDMI 2.0 DP 1.4 Gaming Graphics Card,ASUS,ROG Strix GeForce GTX 1660 Super,6 GB,GDDR6,243 mm,PCIe x16,GeForce GTX 1660 SUPER,1530 MHz,1845 MHz,G-Sync,$311.22,1
"ZOTAC Gaming GeForce GTX 1660 Super 6GB GDDR6 192-bit Gaming Graphics Card, Super Compact",ZOTAC,Geforce GTX 1660 SUPER TWIN FAN,6 GB,GDDR6,173.4 mm,PCI Express 3.0 x16,GeForce GTX 1660 SUPER,1530 MHz,1785 MHz,G-Sync,$273.67,0
Asus GeForce GTX 1660 Super Overclocked 6GB Phoenix Fan Edition HDMI DP DVI Graphics Card,ASUS,GeForce GTX 1660 Super,6 GB,GDDR6,174 mm,PCI Express 3.0 x16,GeForce GTX 1660 SUPER,1530 MHz,1830 MHz,G-Sync,$247.71,0
ASUS GeForce GTX 1070 8GB ROG Strix OC Edition Graphic Card STRIX-GTX1070-O8G-GAMING,Asus,STRIX-GTX1070-O8G-GAMING,8 GB,GDDR5,298 mm,PCIe x16,GeForce GTX 1070,1632 MHz,1860 MHz,G-Sync,"$4,146.10",0
ZOTAC GeForce GTX 1070 Mini 8GB GDDR5 VR Ready Super Compact Gaming Graphics Card (ZT-P10700G-10M),ZOTAC,ZT-P10700G-10M,8 GB,GDDR5,210 mm,PCIe x16,GeForce GTX 1070,1518 MHz,1708 MHz,G-Sync,$189.99,1
"EVGA GeForce GTX 1070 FTW GAMING ACX 3.0, 8GB GDDR5, RGB LED, 10CM FAN, 10 Power Phases, Double BIOS, DX12 OSD Support (PXOC) Graphics Card",EVGA,08G-P4-6276-KR,8 GB,GDDR5,267 mm,PCIe x16,GeForce GTX 1070,1607 MHz,1797 MHz,G-Sync,$752.53,0
MSI Gaming GeForce GTX 1070 8GB GDDR5 SLI DirectX 12 VR Ready Graphics Card,MSI,GeForce GTX 1070,8 GB,GDDR5,279 mm,PCIe x16,GeForce GTX 1070,1506 MHz,797 MHz,G-Sync,$288.44,1
"EVGA GeForce GTX 1660 XC Black Gaming, 6GB GDDR5, HDB Fan",EVGA,06G-P4-1161-KR,6 GB,GDDR5,189.89 mm,PCIe x16,GeForce GTX 1660,1530 MHz,1785 MHz,G-Sync,$324,1
MSI GTX 1660 Ventus XS 6GB GDDR6 Graphics Card,MSI,GTX 1660 Ventus,6 GB,GDDR6,204 mm,PCI Express 3.0 ,GeForce GTX 1660,1530 MHz,1830 MHz,G-Sync,$248.99,0
"EVGA GeForce GTX 1660 XC Ultra Gaming, 6GB GDDR5, HDB Fan, 06G-P4-1167-KR",EVGA,GTX 1660 XC Ultra Gaming,6 GB,GDDR5,267.97 mm,PCIe x16,GeForce GTX 1660,1530 MHz,1845 MHz,G-Sync,$444.69,1
"Gigabyte GeForce GTX 1660 Gaming OC 6G Graphics Card, 3X Windforce Fans, 6GB 192-bit GDDR5, Gv-N1660GAMING OC-6GD Video Card",Gigabyte,Gv-N1660GAMING OC-6GD,6 GB,GDDR5,280 mm,PCIe x16,GeForce GTX 1660,1530 MHz,1860 MHz,G-Sync,N/A,0
"EVGA GeForce GTX 1660 SC Ultra Gaming, 06G-P4-1067-KR, 6GB GDDR5, Dual Fan",EVGA,GeForce GTX 1660 SC Ultra Gaming,6 GB,GDDR5,202.1 mm,PCIe x16,GeForce GTX 1660,1530 MHz,1830 MHz,G-Sync,$229.99,0
"EVGA 06G-P4-1163-KR GeForce Graphics Cards, GTX 1660, XC Gaming",EVGA,06G-P4-1163-KR,6 GB,GDDR5,189.89 mm,PCIe x16,GeForce GTX 1660,1530 MHz,1830 MHz,G-Sync,$348.22,1
MSI GeForce GTX 1660 GAMING X 6G Graphics Card,MSI,GeForce GTX 1660 GAMING X 6G,6 GB,GDDR5,247 mm,PCIe x16,GeForce GTX 1660,1530 MHz,1860 MHz,G-Sync,N/A,0
"Gigabyte GeForce GTX 1660 OC 6G Graphics Card, 2X Windforce Fans, 6GB 192-Bit GDDR5, Video Card",Gigabyte,GeForce GTX 1660,6 GB,GDDR5,224 mm,PCI Express 3.0 x16,GeForce GTX 1660,1530 MHz,1830 MHz,G-Sync,$335.67,0
"ZOTAC Gaming GeForce GTX 1660 6GB GDDR5 192-bit Gaming Graphics Card, Super Compact, ZT-T16600F-10L",ZOTAC,GeForce GTX 1660,6 GB,GDDR5,173.4 mm,PCIe x16,GeForce GTX 1660,1530 MHz,1785 MHz,G-Sync,$750,0
ASRock Phantom Gaming D Radeon RX 5500 XT 8G OC Video Card,ASRock,Radeon RX 5500 XT,8 GB,GDDR6,240.57 mm,PCIe x16,Radeon RX 5500 XT,1685 MHz,1845 MHz,FreeSync,N/A,0
MSI Gaming Radeon RX 5500 XT Boost Clock: 1845 MHz 128-bit 8GB GDDR6 DP/HDMI Dual Torx 3.0 Fans Crossfire Freesync VR Ready Graphics Card,MSI,Radeon RX 5500,8 GB,GDDR6,215 mm,PCIe x16,Radeon RX 5500 XT,1647 MHz,1845 MHz,FreeSync,N/A,0
"GIGABYTE Radeon RX 5500 XT OC 8G Graphics Card, PCIe 4.0, 8GB 128-Bit GDDR6",Gigabyte,Radeon RX 5500 XT,8 GB,GDDR6,225 mm,PCI Express 4.0 x16,Radeon RX 5500 XT,1647 MHz,1845 MHz,FreeSync,$260.07,1
"VisionTek Radeon RX 5500 XT Graphic Card - 8GB GDDR6-1.61 GHz Core, 128 bit Bus Width, DisplayPort, HDMI, DVI",VisionTek,RX 5500 XT,8 GB,GDDR6,177.8 mm,PCIe x16,Radeon RX 5500 XT,1607 MHz,1845 MHz,FreeSync,$295,0
ASRock AMD Radeon RX5500XT Video Board GDDR6 4GB CHALLENGER Series RX5500XT Challenger D 4G OC,ASRock,RXRX 5500 XT Challenger D 4G OC,4 GB,GDDR6,241 mm,PCIe x16,Radeon RX 5500 XT,1685 MHz,1845 MHz,FreeSync,$259.95,1
ASUS ROG Strix AMD Radeon RX 5500XT Overclocked 8G GDDR6 1440p HDMI DisplayPort Gaming Graphics Card,ASUS,ROG Strix RX 5500XT OC,8 GB,GDDR6,280 mm,PCIe x16,Radeon RX 5500 XT,1607 MHz,1865 MHz,FreeSync,$299,1
"Gigabyte Radeon RX 5500 XT OC 4G Graphics Card, PCIe 4.0, 4GB 128-Bit GDDR6, Video Card",Gigabyte,RX 5500 XT OC 4G,4 GB,GDDR6,225 mm,PCIe x16,Radeon RX 5500 XT,1647 MHz,1845 MHz,FreeSync,$199.99,1
ASUS AMD Radeon RX 5500XT Overclocked O8G GDDR6 Dual Fan EVO Edition HDMI DisplayPort Gaming Graphics Card,ASUS,RX 5500XT EVO Edition OC 8G,8 GB,GDDR6,242 mm,PCIe x16,Radeon RX 5500 XT,1607 MHz,1865 MHz,FreeSync,$799.66,1
MSI Gaming Radeon RX 5500 XT Boost Clock: 1845 MHz 128-bit 8GB GDDR6 DP/HDMI Dual Torx 3.0 Fans Crossfire Freesync VR Ready Graphics Card,MSI,RX 5500 XT GAMING X 8G,8 GB,GDDR6,247 mm,PCIe x16,Radeon RX 5500 XT,1685 MHz,1845 MHz,FreeSync,$515,0
Asus TUF Gaming GeForce GTX 1650 Super Overclocked 4GB Edition HDMI DP DVI Gaming Graphics Card,ASUS,GeForce GTX 1650 Super,4 GB,GDDR6,205.74 mm,PCIe x16,GeForce GTX 1650 SUPER,1530 MHz,1800 MHz,G-Sync,$466.50,0
MSI Gaming GeForce GTX 1650 Super 128-Bit HDMI/DP 4GB GDRR6 HDCP Support DirectX 12 Dual Fan VR Ready OC Graphics Card,MSI,GTX 1650 Super Gaming X,4 GB,GDDR6,248 mm,PCIe x16,GeForce GTX 1650 SUPER,1530 MHz,1755 MHz,G-Sync,$632.26,0
MSI GeForce GTX 1650 Super Ventus XS OC Gaming GeForce GTX 1650 Super 128-Bit HDMI/DP/DVI 4GB GDRR6 HDCP Support DirectX 12 Dual Fan VR Ready OC Graphics Card,MSI,GeForce GTX 1650 Super Ventus XS OC,4 GB,GDDR6,180 mm,PCIe x16,GeForce GTX 1650 SUPER,1530 MHz,1740 MHz,G-Sync,$639.99,0
"ZOTAC Gaming GeForce GTX 1650 Super Twin Fan 4GB GDDR6 128-Bit Gaming Graphics Card, Super Compact",ZOTAC,GeForce GTX 1650 Super,4 GB,GDDR6,158.5 mm,PCI Express 3.0 x16,GeForce GTX 1650 SUPER,1530 MHz,1725 MHz,G-Sync,$389,0
ASUS GeForce GTX 1650 Super Overclocked 4GB Phoenix Fan Edition HDMI DP DVI Graphics Card,ASUS,GeForce GTX 1650 Super,4 GB,GDDR6,173.99 mm,PCIe x16,GeForce GTX 1650 SUPER,1530 MHz,1770 MHz,G-Sync,$249.66,1
"EVGA GeForce GTX 1650 Super SC Ultra Gaming, 4GB GDDR6, Dual Fan",EVGA,GeForce GTX 1650 Super,4 GB,GDDR6,202.1 mm,PCIe x16,GeForce GTX 1650 SUPER,1530 MHz,1755 MHz,G-Sync,$199.99,0
"Gigabyte GeForce GTX 1650 Super OC 4G Graphics Card, 90mm Fan, 4GB 128-Bit GDDR6",Gigabyte,GeForce GTX 1650 Super,4 GB,GDDR6,172 mm,PCI Express 3.0 x16,GeForce GTX 1650 SUPER,1530 MHz,1740 MHz,G-Sync,$198.96,0
ASUS ROG Strix Radeon Rx 590 8G Gaming GDDR5 DP HDMI DVI VR Ready AMD Graphics Card Graphic Cards,Asus,ROG-STRIX-RX590-8G-GAMING,8 GB,GDDR5,298 mm,PCIe x16,Radeon RX 590,1469 MHz,1565 MHz,FreeSync,N/A,0
XFX RX-590P8DFD6 Radeon RX 590 Fatboy 8GB OC+ 1580MHz DDR5 3xDP HDMI DVI Graphic Cards,XFX,Radeon RX 590,8 GB,GDDR5,270 mm,PCIe x16,Radeon RX 590,1580 MHz,1600 MHz,FreeSync,$300,1
Sapphire Radeon Nitro+ RX 590 8GB GDDR5 Dual HDMI/ DVI-D/ Dual DP OC with Backplate Special Edition (UEFI) PCI-E Graphic Cards 11289-01-20G,Sapphire,Radeon RX 590,8 GB,GDDR5,260 mm,PCIe x16,Radeon RX 590,1469 MHz,1560 MHz,FreeSync,$898.86,1
"XFX Radeon RX 580 GTS XXX Edition 1386MHz OC+, 8GB GDDR5, VR Ready, Dual BIOS, 3xDP HDMI DVI, AMD Graphics Card ",XFX,Radeon RX 580,8 GB,GDDR5,270 mm,PCI Express 3.0 x16,Radeon RX 580,1366 MHz,1386 MHz,FreeSync,$499,0
MSI VGA Graphic Cards,MSI,Radeon RX 580,8 GB,GDDR5,269 mm,PCIe x16,Radeon RX 580,1257 MHz,1366 MHz,FreeSync,$649.95,0
Sapphire Pulse Radeon RX 580 8GB GDDR5 Graphics Card,SapphireTechnology,Radeon RX 580,8 GB,GDDR5,230 mm,PCI Express 3.0 x16,Radeon RX 580,1257 MHz,1366 MHz,FreeSync,$366.99,1
ASUS Radeon RX 580 8GB Dual-Fan OC Edition GDDR5 DP HDMI DVI VR Ready AMD Graphics Card,ASUS,Radeon RX 580,8 GB,GDDR5,242 mm,PCIe x16,Radeon RX 580,1257 MHz,1380 MHz,FreeSync,$438,0
"XFX Radeon RX 580 GTS Black Edition 1405MHz OC+, 8gb 256bit GDDR5, DX12 VR Ready, Double Dissipation, Dual BIOS, 3xDP HDMI DVI",XFX,RX 580 GTS Black Edition,8 GB,GDDR5,270 mm,PCIe x16,Radeon RX 580,1257 MHz,1405 MHz,FreeSync,$529.95,0
PowerColor AMD Radeon RED DRAGON RX 580 8GB GDDR5 1 x DL DVI-D / 1 x HDMI / 3 x DisplayPort Graphics Card,PowerColor,RX 580,8 GB,GDDR5,255 mm,PCIe x16,Radeon RX 580,1257 MHz,1350 MHz,FreeSync,$289,1
Gigabyte Radeon RX 580 Gaming 4GB Graphic Cards,Gigabyte,RX 580. GAMING 4GD,4 GB,GDDR5,232 mm,PCIe x16,Radeon RX 580,1257 MHz,1355 MHz,FreeSync,$329.99,0
MSI Gaming Radeon RX 580 256-bit 8GB GDRR5 DirectX 12 VR Ready CFX Graphics Card,MSI,Radeon RX 580 8G V1,8 GB,GDDR5,198 mm,PCIe x16,Radeon RX 580,1257 MHz,1340 MHz,FreeSync,$749,0
XFX GTS XXX Edition RX 580 4GB OC+ 1386MHz DDR5 w/Backplate 3xDP HDMI DVI,XFX,RX 580 XXX Edition,4 GB,GDDR5,270 mm,PCIe x16,Radeon RX 580,1366 MHz,1386 MHz,,$109,1
MSI Gaming Radeon RX 580 256-bit 4GB GDRR5 DirectX 12 VR Ready CFX Graphcis Card,MSI,Radeon RX 580 GAMING X 4G,4 GB,GDDR5,276 mm,PCIe x16,Radeon RX 580,1257 MHz,1393 MHz,FreeSync,$799.99,0
MSI Gaming Radeon RX 580 256-bit 8GB GDRR5 DirectX 12 VR Ready CFX Graphics Card,MSI,RX 580 ARMOR MK2 8G OC,8 GB,GDDR5,270 mm,PCIe x16,Radeon RX 580,1340 MHz,1380 MHz,FreeSync,$239,1
"XFX Radeon RX 580 GTS Black Edition 1425MHz OC+, 8GB GDDR5, VR Ready, Dual BIOS, 3xDP HDMI DVI, AMD Graphics Card",XFX,RX 580 GTS Black Edition,8 GB,GDDR5,270 mm,PCIe x16,Radeon RX 580,1405 MHz,1425 MHz,FreeSync,"$1,200",0
ASUS Radeon RX 580 O4G Dual-Fan OC Edition GDDR5 DP HDMI DVI VR Ready AMD Graphics Card,ASUS,DUAL RX 580 O4G,4 GB,GDDR5,242 mm,PCIe x16,Radeon RX 580,1257 MHz,1380 MHz,FreeSync,$679.99,0
Gigabyte Radeon RX 580 Gaming 8GB Graphic Cards,Gigabyte,RX 580 8GD,8 GB,GDDR5,232 mm,PCIe x16,Radeon RX 580,1257 MHz,1355 MHz,FreeSync,$529.99,0
ASUS ROG-STRIX-RX580-O8G-GAMINGOC Edition GDDR5 DP HDMI DVI VR Ready AMD Graphics Card,ASUS,ROG STRIX RX580 O8G,8 GB,GDDR5,298 mm,PCIe x16,Radeon RX 580,1257 MHz,1380 MHz,FreeSync,$278.99,1
MSI Gaming Radeon RX 580 256-bit 4GB GDRR5 DirectX 12 VR Ready CFX Graphcis Card,MSI,RX 580 ARMOR 4G OC,4 GB,GDDR5,269 mm,PCIe x16,Radeon RX 580,1257 MHz,1366 MHz,FreeSync,$148.99,1
Sapphire Nitro+ Radeon RX 580 DirectX 12 100411NT+4G-2L 4GB 256-Bit GDDR5 CrossFireX ATX Video Card,SapphireTechnology,RX 580 Nitro+,4 GB,GDDR5,260 mm,PCIe x16,Radeon RX 580,1257 MHz,1411 MHz,FreeSync,$498.86,1
ASUS PH-GTX1060-3G GeForce GTX 1060 3GB Phoenix Fan Edition VR Ready HDMI DP DVI Graphics Card,Asus,PH-GTX1060-3G,3 GB,GDDR5,183 mm,PCIe x16,GeForce GTX 1060,1506 MHz,1708 MHz,G-Sync,$198,1
"EVGA GeForce GTX 1060 3GB GAMING, ACX 2.0 (Single Fan), 3GB GDDR5, DX12 OSD Suppor Graphics Cards",EVGA,GeForce GTX 1060 3GB,3 GB,GDDR5,173 mm,PCIe x16,GeForce GTX 1060,1506 MHz,1708 MHz,G-Sync,$219.99,1
MSI GAMING GeForce GTX 1060 6GB GDRR5 192-bit HDCP Support DirectX 12 Dual TORX 2.0 Fan VR Ready Graphics Card,MSI,GeForce GTX 1060 6GB,6 GB,GDDR5,277 mm,PCIe x16,GeForce GTX 1060,1506 MHz,1809 MHz,G-Sync,$219,1
PowerColor Red Devil AMD Radeon RX570 4GB GDDR5 AXRX 570 4GBD5-3DH/OC,PowerColor,AXRX 570 4GBD5-3DH/OC,4 GB,GDDR5,310 mm,PCIe x16,Radeon RX 570,1168 MHz,1320 MHz,FreeSync,$536,0
MSI Gaming Radeon RX 570 256-bit 8GB GDRR5 DirectX 12 VR Ready CFX Graphcis Card,MSI,Radeon RX 570 ARMOR 8G OC,8 GB,GDDR5,246 mm,PCIe x16,Radeon RX 570,1168 MHz,1268 MHz,FreeSync,$349.99,0
XFX RX 570 4GB GDDR5 RS XXX Edition PCI-Express 3.0 Graphics Card,XFX,Radeon RX 570,4 GB,GDDR5,243 mm,PCIe x16,Radeon RX 570,168 MHz,1284 MHz,FreeSync,$172.99,1
"XFX Radeon RX 570 RS XXX Edition 1286MHz, 8gb GDDR5, DX12 VR Ready, Dual BIOS, 3xDP HDMI DVI, AMD Graphics Card",XFX,Radeon RX 570,8 GB,GDDR5,243 mm,PCI Express 3.0 x16,Radeon RX 570,1168 MHz,1286 MHz,FreeSync,$359.99,0
MSI Gaming Radeon RX 570 256-bit 4GB GDRR5 DirectX 12 VR Ready CFX Graphcis Card,MSI,RX 570 GAMING X 4G,4 GB,GDDR5,276 mm,PCIe x16,Radeon RX 570,1168 MHz,1293 MHz,FreeSync,$84,1
ASUS ROG Strix Radeon Rx 570 O4G Gaming OC Edition GDDR5 DP HDMI DVI VR Ready AMD Graphics Card (ROG-STRIX-RX570-O4G-GAMING),ASUS,ROG Strix Rx 570 O4G,4 GB,GDDR5,240 mm,PCIe x16,Radeon RX 570,1168 MHz,1310 MHz,FreeSync,$630.34,0
MSI Gaming Radeon RX 570 256-bit 4GB GDRR5 DirectX 12 VR Ready CFX Graphcis Card,MSI,RX 570 ARMOR 4G OC,4 GB,GDDR5,246 mm,PCIe x16,Radeon RX 570,1168 MHz,1244 MHz,FreeSync,$349,0
ASUS ROG Strix Radeon RX570 O8G Gaming GDDR5 DP HDMI DVI VR Ready AMD Graphics Card,ASUS,ROG Strix RX570 O8G,8 GB,GDDR5,240 mm,PCIe x16,Radeon RX 570,1168 MHz,1310 MHz,FreeSync,$190,1
Gigabyte Radeon RX 570 Gaming 4GB Graphic Cards GV-RX570GAMING-4GD,Gigabyte,Radeon RX 570,4 GB,GDDR5,232 mm,PCIe x16,Radeon RX 570,1168 MHz,1255 MHz,FreeSync,$179,1
MSI Gaming Radeon RX 570 256-bit 8GB GDRR5 DirectX 12 VR Ready CFX Graphcis Card,MSI,Radeon RX 570 ARMOR MK2 8G OC,8 GB,GDDR5,270 mm,PCIe x16,Radeon RX 570,1244 MHz,1281 MHz,FreeSync,$299.99,1
MSI Gaming GeForce GTX 1650 128-Bit HDMI/DP 4GB GDRR5 HDCP Support DirectX 12 Dual Fan VR Ready OC Graphics Card,MSI,GeForce GTX 1650,4 GB,GDDR5,245 mm,PCI Express 3.0 x16,GeForce GTX 1650,1485 MHz,1860 MHz,G-Sync,$249,1
ASUS GeForce GTX 1650 4GB Phoenix Fan Overclocked Edition HDMI DP DVI Graphics Card,ASUS,GeForce GTX 1650,4 GB,GDDR5,190 mm,PCI Express 3.0 ,GeForce GTX 1650,1485 MHz,1710 MHz,G-Sync,$199.99,0
MSI Gaming GeForce GTX 1650 128-Bit HDMI/DP 4GB GDRR5 HDCP Support DirectX 12 VR Ready OC Graphics Card,MSI,GeForce GTX 1650,4 GB,GDDR5,170 mm,PCI Express 3.0 x16,GeForce GTX 1650,1485 MHz,1740 MHz,G-Sync,$184,0
"Gigabyte GeForce GTX 1650 OC 4G Graphics Card, 2X Windforce Fans, 4GB 128-Bit GDDR5, Video Card",Gigabyte,GeForce GTX 1650,4 GB,GDDR5,191 mm,PCI Express 3.0 x16,GeForce GTX 1650,1485 MHz,1710 MHz,G-Sync,$281.50,0
"ZOTAC GeForce GTX 1050 Ti Mini, 4GB GDDR5 DisplayPort 128-bit Gaming Graphic Card",ZOTAC,ZT-P10510A-10L,4 GB,GDDR5,145 mm,PCIe x16,GeForce GTX 1050 Ti,1303 MHz,1417 MHz,G-Sync,$409.99,1
MSI Computer Video Card,MSI,GeForce GTX 1050 Ti,4 GB,GDDR5,215 mm,PCI Express 3.0 x16,GeForce GTX 1050 Ti,1341 MHz,1455 MHz,G-Sync,$164.49,0
MSI GTX 1050 TI 4GT LP Graphic Cards,MSI,GTX 1050 TI 4GT LP,4 GB,GDDR5,182 mm,PCIe x16,GeForce GTX 1050 Ti,1290 MHz,1392 MHz,G-Sync,$234.84,0
Gigabyte GTX 1050 Ti Windforce OC 4GB GDDR5 128-bit PCI-E Graphic Card,Gigabyte,GV-N105TWF2OC-4GD,4 GB,GDDR5,229 mm,PCIe x16,GeForce GTX 1050 Ti,1354 MHz,1468 MHz,G-Sync,$136.47,1
MSI Computer Video Card (GTX 1050 TI 4G OC),MSI,GeForce GTX 1050 TI 4G OC,4 GB,GDDR5,177 mm,PCIe x16,GeForce GTX 1050 Ti,1341 MHz,1455 MHz,G-Sync,$131.22,1
Asus GeForce GTX 1050 Ti 4GB Phoenix Fan Edition DVI-D HDMI DP 1.4 Gaming Graphics Card,ASUS,GeForce GTX 1050 Ti,4 GB,GDDR5,192 mm,PCI Express 3.0 x16,GeForce GTX 1050 Ti,1290 MHz,1392 MHz,G-Sync,$179.99,0
"MSI Computer Video Graphic Cards GeForce GTX 1050 TI GAMING X 4G, 4GB",MSI,GeForce GTX 1050 TI GAMING X 4G,4 GB,GDDR5,229 mm,PCIe x16,GeForce GTX 1050 Ti,1290 MHz,1493 MHz,G-Sync,$178.37,0
MSI GeForce GTX 1050 Ti Gaming graphics card with Twin Frozr VI cooling system,MSI,GeForce GTX 1050 Ti,4 GB,GDDR5,229 mm,PCI Express 3.0 x16,GeForce GTX 1050 Ti,1290 MHz,1493 MHz,G-Sync,$195.99,0
MSI Computer Video Graphic Cards GTX 1050 2GT OC,MSI,GeForce GTX 1050 2GT OC,2 GB,GDDR5,215 mm,PCIe x16,GeForce GTX 1050,1404 MHz,1518 MHz,G-Sync,N/A,0
Sapphire Technology Radeon Pulse RX 550 4GB GDDR5 HDMI/ DVI-D/ DP OC (UEFI) PCI-E Graphics Card,SapphireTechnology,Radeon Pulse RX 550,4 GB,GDDR5,158 mm,PCIe x16,Radeon RX 550,1206 MHz,1500 MHz,FreeSync,$348.86,1
GIGABYTE GeForce GT 1030 GV-N1030SL-2GL Silent Low Profile 2G,Gigabyte,GV-N1030SL-2GL,2 GB,GDDR5,175 mm,PCIe x16,GeForce GT 1030,1252 MHz,1506 MHz,None,N/A,0
Gigabyte Nvidia GeForce GT 1030 OC 2G Graphics Card,Gigabyte,GeForce GT 1030,2 GB,GDDR5,168 mm,PCIe x16,GeForce GT 1030,1290 MHz,1544 MHz,None,$122.84,0
MSI GAMING GeForce GT 710 2GB GDRR3 64-bit HDCP Support DirectX 12 OpenGL 4.5 Heat Sink Low Profile Graphics Card,MSI,GT 710 2GD3H LP,2 GB,DDR3,146 mm,PCIe x16,GeForce GT 710,954 MHz,954 MHz,None,$139.99,0
MSI Gaming GeForce GT 710 2GB GDRR3 64-bit HDCP Support DirectX 12 OpenGL 4.5 Single Fan Low Profile Graphics Card,MSI,GT 710 2GD3 LP,2 GB,DDR3,146 mm,PCIe x16,GeForce GT 710,954 MHz,1600 MHz,None,$69.99,0
MSI GAMING GeForce GT 710 1GB GDRR3 64-bit HDCP Support DirectX 12 OpenGL 4.5 Heat Sink Low Profile Graphics Card,MSI,GeForce GT 710,1 GB,GDDR3,146 mm,PCI Express 2.0 x16,GeForce GT 710,954 MHz,1000 MHz,None,$51.21,0
Gigabyte GeForce GTX 1060 Windforce OC 3GB GDDR5 Graphics Card,Gigabyte,GV-N1060WF2OC-3GD,3 GB,GDDR5,223 mm,PCIe x16,GeForce GTX 1060 3GB,1556 MHz,1797 MHz,G-Sync,$199.99,1
Gigabyte Radeon Rx Vega 56 Gaming OC 8G Graphic Card - GV-RXVEGA56GAMING OC-8GD,Gigabyte,GV-RXVEGA56GAMING OC-8GD,8 GB,HBM2,274 mm,PCIe x16,Radeon RX VEGA 56,1156 MHz,1501 MHz,FreeSync,$569.99,1
Gigabyte Radeon Computer Graphics Cards (GV-RXVEGA64GAMING OC-8GD),Gigabyte,GV-RXVEGA64GAMING OC-8GD,8 GB,HBM2,274 mm,PCIe x16,Radeon RX VEGA 64,1247 MHz,1560 MHz,FreeSync,N/A,0
"ZOTAC Gaming GeForce GTX 1650 OC 4GB GDDR5 128-Bit Gaming Graphics Card, Super Compact, ZT-T16500F-10L",ZOTAC,ZT-T16500F-10L,4 GB,GDDR5,151 mm,PCIe x16,GeForce GTX 1650 G5,1485 MHz,1695 MHz,G-Sync,$249.99,0
PowerColor Red Dragon AMD Radeon Vega 56 8GB HBM2 AXRX Vega 56 8GBHBM2-2D2HD/OC,PowerColor,AXRX VEGA 56 8GBHBM2-2D2HD/OC,8 GB,HBM2,305 mm,PCIe x16,Radeon RX VEGA 56,1177 MHz,1478 MHz,FreeSync,N/A,0
"ZOTAC GeForce GTX 1060 AMP Edition, ZT-P10600B-10M, 6GB GDDR5 VR Ready Super Compact Gaming Graphics Card",ZOTAC,GeForce GTX 1060 AMP Edition,6 GB,GDDR5,210 mm,PCIe x16,GeForce GTX 1060 6GB,1556 MHz,1771 MHz,G-Sync,$279.99,1
"EVGA GeForce RTX 2070 Super FTW3 Ultra+, Overclocked, 2.75 Slot Extreme Cool Triple + iCX2, 65C Gaming, RGB, Metal Backplate, 15.5GHz 8GB GDDR6",EVGA,RTX 2070 Super FTW3 Ultra+,8 GB,GDDR6,301.925 mm,PCIe x16,GeForce RTX 2070 Super,1605 MHz,1815 MHz,G-Sync,$899,0
"EVGA GeForce RTX 2070 Super XC Ultra+, Overclocked, 2.75 Slot Extreme Cool Dual, 70C Gaming, RGB, Metal Backplate, 8GB 15.5GHz GDDR6",EVGA,RTX 2070 Super XC Ultra+,8 GB,GDDR6,269.83 mm,PCIe x16,GeForce RTX 2070 Super,1605 MHz,1800 MHz,G-Sync,$949,1
PNY GeForce RTX 2080 Super 8GB Blower Graphics Card,PNY,RTX 2080 Super Blower 8GB,8 GB,GDDR6,281 mm,PCIe x16,GeForce RTX 2080 Super,1650 MHz,1815 MHz,G-Sync,$675,0
"EVGA GeForce RTX 2080 Super XC Gaming, 8GB GDDR6, RGB LED, Metal Backplate",EVGA,RTX 2080 Super XC,8 GB,GDDR6,269.83 mm,PCIe x16,GeForce RTX 2080 Super,1650 MHz,1830 MHz,G-Sync,"$1,199.95",0
Sapphire Toxic AMD Radeon RX 6900 XT Extreme Edition PCIe 4.0 Gaming Graphics Card with 16GB GDDR6,SapphireTechnology,RX 6900 XT 16GB Toxic Extreme Edition,16 GB,GDDR6,270 mm,PCIe x16,Radeon RX 6900 XT,1825 MHz,2525 MHz,FreeSync,"$2,199",0
"PowerColor Red Devil AMD Radeon RX 6900 XT Ultimate Gaming Graphics Card with 16GB GDDR6 Memory, Powered by AMD RDNA 2, HDMI 2.1",PowerColor,RX 6900 XT Ultimate,16 GB,GDDR6,320 mm,PCIe x16,Radeon RX 6900 XT,1825 MHz,2425 MHz,FreeSync,$999.96,0
"ASRock RX6900XT OCF 16G AMD Radeon RX6900XT Graphics Board, 16GB",ASRock,RX 6900 XT 16GB OC Formula,16 GB,GDDR6,332 mm,PCIe x16,Radeon RX 6900 XT,2125 MHz,2475 MHz,FreeSync,$933.20,0
ASROCK Radeon RX 6900 XT Phantom Gaming D 16G OC,ASROCK,RX 6900 XT PGD 16G OC,16 GB,GDDR6,300 W,PCIe x16,Radeon RX 6900 XT,1925 MHz,2340 MHz,FreeSync,$899.24,0
"XFX Speedster MERC319 AMD Radeon RX 6900 XT Ultra Gaming Graphics Card with 16GB GDDR6, HDMI 2,1, 2xDP, USB-C, AMD RDNA 2 ",XFX,Speedster MERC319 RX 6900 XT Ultra,16 GB,GDDR6,340 mm,PCIe x16,Radeon RX 6900 XT,1925 MHz,2340 MHz,FreeSync,"$2,499.99",0
Sapphire Technology Nitro+ AMD Radeon RX 6900 XT Special Edition PCIe 4.0 Gaming Graphics Card with 16GB GDDR6,SapphireTechnology,RX 6900 XT Nitro+ Special Edition,16 GB,GDDR6,310 mm,PCIe x16,Radeon RX 6900 XT,1825 MHz,2365 MHz,FreeSync,$927.99,0
"PowerColor Red Devil Limited Edition AMD Radeon RX 6900 XT Gaming Graphics Card with 16GB GDDR6 Memory, Powered by AMD RDNA 2, Raytracing",PowerColor,Red Devil RX 6900 XT,16 GB,GDDR6,320 mm,PCIe x16,Radeon RX 6900 XT,1825 MHz,2340 MHz,FreeSync,"$2,199.99",0
"ASUS ROG Strix LC AMD Radeon RX 6900 XT OC Edition Gaming Graphics Card (PCIe 4.0, 16GB GDDR6, HDMI 2.1, DisplayPort 1.4a, Full-Coverage Cold Plate",ASUS,ROG Strix LC RX 6900 XT OC Edition,16 GB,GDDR6,277 mm,PCIe x16,Radeon RX 6900 XT,1950 MHz,2365 MHz,FreeSync,"$1,394.99",0
PowerColor AXRX 580 8GBD5-3DHG/OC Graphic Cards,PowerColor,ROG STRIX RXVEGA56 O8G,8 GB,HBM2,298 mm,PCIe x16,Radeon RX VEGA 56,1297 MHz,1573 MHz,FreeSync,N/A,0
AMD Radeon Vega Graphics Card Blue,AMD,Vega Frontier Edition,16 GB,HBM2,267 mm,PCIe x16,Vega Frontier Edition,1440 MHz,1600 MHz,FreeSync,N/A,0
POWERCOLOR AX6870-2GBD5-6DG,PowerColor,POWERCOLOR AX6870-2GBD5-6DG,2 GB,GDDR5,241.3 mm,PCIe x16,Radeon HD 6870,900 MHz,1050 MHz,FreeSync,N/A,0
XFX AMD Radeon HD 6850 775M 1 GB DDR5 Graphics Card,XFX,Radeon HD 6850,1 GB,GDDR5,234 mm,PCIe x16,Radeon HD 6850,775 MHz,1100 MHz,FreeSync,$369,0
POWERCOLOR AX6850-1GBD5-PPDHGJ,NekidCow,Radeon HD 6850,1 GB,GDDR5,,PCIe x16,Radeon HD 6850,820 MHz,1100 MHz,FreeSync,N/A,0
POWERCOLOR AX6770-1GBD5-PPVG,NekidCow,AX6770 1GBD5-PPVG,1 GB,GDDR5,,PCIe x16,Radeon HD 6770,900 MHz,1225 MHz,FreeSync,N/A,0
HIS Radeon HD 6750 1 GB (128bit) GDDR5 Eyefinity DisplayPort DL-DVI HDMI PCIe X16 2.1 Video Card,HIS,Radeon HD 6750,1 GB,GDDR5,,PCIe x16,Radeon HD 6750,700 MHz,1150 MHz,FreeSync,N/A,0
POWERCOLOR AX5750-1GBD5-NS3DH,NekidCow,AX5750-1GBD5,1 GB,GDDR5,178 mm,PCIe x16,Radeon HD 5750,700 MHz,1150 MHz,,N/A,0
POWERCOLOR AX5750-1GBD5-LH -,NekidCow,POWERCOLOR AX5750-1GBD5-LH,1 GB,GDDR5,178 mm,PCIe x16,Radeon HD 5750,700 MHz,1150 MHz,None,N/A,0
PowerColor ATI Radeon HD5450 1 GB DDR3 VGA/DVI/HDMI PCI-Express Video Card 1 GBK3-SH,PowerColor,AX5450 1GBK3-SH,1 GB,DDR3,,PCIe x16,Radeon HD 5450,650 MHz,1100 MHz,None,$99.99,0
NekidCow POWERCOLOR AX5770-1GBD5-DHC1 -,NekidCow,AX5770-1GBD5-DHC1,1 GB,GDDR5,182 mm,PCIe x16,Radeon HD 5770,850 MHz,1100 MHz,None,N/A,0
HIS ATI Radeon HD5450 Silence 1 GB DDR3 VGA/ DVI/ DisplayPort Low Profile PCI-Express Video Card,HIS,HD5450,1 GB,DDR3,304.8 mm,PCIe x1,Radeon HD 5450,650 MHz,1000 MHz,None,$99.99,1
PowerColor ATI Radeon HD5450 512 MB DDR3 VGA/DVI/HDMI PCI-Express Video Card,PowerColor,ATI Radeon HD5450,0.5 GB,DDR3,N/A,PCIe x16,Radeon HD 5450,650 MHz,1000 MHz,None,$64.95,0
"VisionTek Radeon 5450 2GB DDR3 (DVI-I, HDMI, VGA) Graphics Card",VisionTek,Radeon 5450,2 GB,DDR3,N/A,PCIe x16,Radeon HD 5450,650 MHz,1000 MHz,None,$64.99,0
"Diamond Multimedia AMD Radeon HD 5450 PCI Express GDDR3 1GB (DVI, HDMI, VGA) Low Profile Enhanced Heatsink Video Graphics Card",DiamondMultimedia,5450PE31G,1 GB,DDR3,152 mm,PCIe x16,Radeon HD 5450,650 MHz,1000 MHz,None,$54.99,0
Sapphire Technology Technology Radeon 11276-02-40G Pulse RX Vega 56 8GB HBM2 HDMI/ Triple DP (UEFI) PCI-E Graphics Card,SapphireTechnology,Radeon RX VEGA 56,8 GB,HBM2,282 mm,PCIe x16,Radeon RX VEGA 56,1208 MHz,1512 MHz,FreeSync,N/A,0
"ZOTAC Gaming GeForce RTX 2080 Ti AMP Extreme 11GB GDDR6 352-bit Gaming Graphics Card, IceStorm 2.0, Extreme Overclock, Freeze Fan Stop, Active Fan Control, PowerBoost",ZOTAC,GeForce RTX 2080 Ti AMP Extreme,11 GB,GDDR6,324 mm,PCIe x16,GeForce RTX 2080 Ti,1545 MHz,1815 MHz,G-Sync,N/A,0
"GIGABYTE GeForce GTX 1650 Windforce OC 4G Graphics Card, 2X Windforce Fans, 4GB 128-Bit GDDR5, Gv-N1650WF2OC-4GD Video Card",Gigabyte,GeForce GTX 1650 Windforce OC,4 GB,GDDR5,229 mm,PCIe x16,GeForce GTX 1650 G5,1665 MHz,1785 MHz,G-Sync,$399,0